seqnames	start	end	width	strand	cov	num_cpgs	delta_beta	chr
chr1	2773519	2782078	8560	*	14.612380952381	210	0.323797813247122	chr1
chr1	4199695	4200516	822	*	18.3727272727273	22	0.286473585568444	chr1
chr1	4476849	4477210	362	*	22.0666666666667	12	0.284901676729593	chr1
chr1	5053805	5053889	85	*	20.3	8	0.24686845243951	chr1
chr1	5789200	5795687	6488	*	22.4205357142857	224	0.198651584652547	chr1
chr1	8670613	8673827	3215	*	21.8615384615385	130	0.388704358454366	chr1
chr1	11225173	11227155	1983	*	23.0772727272727	88	0.368838771618152	chr1
chr1	13737002	13737316	315	*	22.8125	16	0.425667521670955	chr1
chr1	14014850	14021249	6400	*	24.7106796116505	206	0.291800567587541	chr1
chr1	19982720	19986248	3529	*	22.2356687898089	314	0.161379777385689	chr1
chr1	20232008	20235271	3264	*	24.4544303797468	158	0.390566276462332	chr1
chr1	21003896	21005508	1613	*	25.1178571428571	56	0.203099147494696	chr1
chr1	23056869	23063436	6568	*	23.3769230769231	208	0.3060143924217	chr1
chr1	23291925	23296207	4283	*	20.4901960784314	204	0.314524348305878	chr1
chr1	24402532	24402895	364	*	23.625	16	0.225521655555023	chr1
chr1	26809089	26811424	2336	*	23.7975609756098	164	0.34586101886018	chr1
chr1	28072425	28074027	1603	*	20.4652173913043	46	0.35544449390298	chr1
chr1	28803081	28810404	7324	*	21.1390374331551	374	0.189216354463505	chr1
chr1	29707827	29713383	5557	*	24.2417808219178	292	0.204440184838572	chr1
chr1	30167861	30168022	162	*	21.45	12	0.32595718918199	chr1
chr1	30971203	30976262	5060	*	21.2138888888889	216	0.374320502089303	chr1
chr1	30993792	30994187	396	*	24.2	20	0.285593717288342	chr1
chr1	30994708	30995280	573	*	23.7777777777778	36	0.291166620654309	chr1
chr1	31647013	31647957	945	*	21.9208333333333	48	0.254557984851707	chr1
chr1	32030390	32031070	681	*	22.075	16	0.342738890840728	chr1
chr1	33938851	33942682	3832	*	20.7173913043478	138	0.24364080568482	chr1
chr1	34124476	34131056	6581	*	21.2787878787879	330	0.33160967166876	chr1
chr1	35992771	35992830	60	*	21.175	8	0.294708474056516	chr1
chr1	38289197	38294283	5087	*	24.6336206896552	232	0.163404396460015	chr1
chr1	38310943	38311104	162	*	24.6875	16	0.215470893535017	chr1
chr1	38714738	38716432	1695	*	19.83	60	0.459784455181963	chr1
chr1	39430762	39430831	70	*	21.9666666666667	12	0.219977988120046	chr1
chr1	42570880	42571100	221	*	20.375	16	0.311542049744229	chr1
chr1	43824736	43826654	1919	*	23.540625	64	0.298700544347621	chr1
chr1	45913185	45914206	1022	*	23.9545454545455	44	0.309540515863667	chr1
chr1	46844844	46845567	724	*	22.1888888888889	36	0.298184211139086	chr1
chr1	48160860	48163034	2175	*	20.27	60	0.230126703914611	chr1
chr1	49122916	49123145	230	*	20.46875	32	0.384233838466315	chr1
chr1	49392399	49392641	243	*	18.9875	16	0.212897051499738	chr1
chr1	49453779	49455363	1585	*	23.4428571428571	28	0.28625250908926	chr1
chr1	49852226	49852613	388	*	23.8142857142857	14	0.246399011145278	chr1
chr1	49914635	49917443	2809	*	21.0434782608696	138	0.29170199229186	chr1
chr1	50198536	50204277	5742	*	23.0059405940594	202	0.23946748993975	chr1
chr1	50236715	50237329	615	*	20.3470588235294	34	0.281683727015952	chr1
chr1	50251313	50253845	2533	*	19.6770833333333	96	0.435493810762548	chr1
chr1	50302485	50303617	1133	*	18.6333333333333	12	0.327335470662614	chr1
chr1	50341636	50342374	739	*	22.76875	32	0.389743069619441	chr1
chr1	50780460	50782578	2119	*	23.1615384615385	52	0.444605897734176	chr1
chr1	50787335	50787495	161	*	23.7	10	0.312973403247544	chr1
chr1	52191022	52191236	215	*	21.4	16	0.40393524981732	chr1
chr1	52257476	52257871	396	*	18.7142857142857	28	0.257607248375338	chr1
chr1	52931786	52932501	716	*	20.9357142857143	28	0.422066578451611	chr1
chr1	55156862	55158356	1495	*	24.3178571428571	56	0.270190731390898	chr1
chr1	55356809	55357171	363	*	26.1	16	0.170465530983435	chr1
chr1	55978299	55981532	3234	*	24.4961538461538	52	0.215831218987232	chr1
chr1	56567116	56576764	9649	*	22.929203539823	452	0.343310642952454	chr1
chr1	56736494	56736760	267	*	20.625	8	0.401325314392047	chr1
chr1	57719071	57721269	2199	*	20.9333333333333	60	0.191183591856247	chr1
chr1	58021811	58021871	61	*	19.225	8	0.368961790952605	chr1
chr1	58435402	58442491	7090	*	20.7756756756757	296	0.430065526369836	chr1
chr1	58460308	58460678	371	*	21.2375	16	0.237065959336791	chr1
chr1	58685202	58687938	2737	*	22.2478260869565	92	0.217534503442577	chr1
chr1	58801006	58801649	644	*	21.4	12	0.33551816104334	chr1
chr1	58837185	58837358	174	*	23.8375	16	0.406810807835187	chr1
chr1	59306516	59307341	826	*	23.1333333333333	30	0.325204162879466	chr1
chr1	59728272	59735165	6894	*	22.0737288135593	236	0.221930118987221	chr1
chr1	60010924	60011650	727	*	22.2	12	0.366435013676668	chr1
chr1	62081451	62088408	6958	*	22.6173469387755	392	0.213566949942636	chr1
chr1	62666941	62667039	99	*	18.35	12	0.287185296487839	chr1
chr1	63064926	63069604	4679	*	25.3125	176	0.280314866256147	chr1
chr1	63140237	63140400	164	*	18.9833333333333	12	0.152896412773086	chr1
chr1	63744242	63748992	4751	*	23.2561224489796	196	0.417694606180045	chr1
chr1	63790299	63790710	412	*	19.4166666666667	24	0.274510242542164	chr1
chr1	63961213	63966844	5632	*	21.8819047619048	210	0.274673410390736	chr1
chr1	64392242	64393234	993	*	18.76	20	0.282520137004437	chr1
chr1	64715399	64717192	1794	*	23.1675	80	0.439347578516264	chr1
chr1	64729529	64732198	2670	*	20.2296296296296	54	0.352677929478012	chr1
chr1	67425866	67427176	1311	*	22.3533333333333	60	0.227590574024164	chr1
chr1	67868650	67869288	639	*	21.8875	16	0.321060841596164	chr1
chr1	67982279	67982420	142	*	22.9	8	0.34035520148544	chr1
chr1	68049526	68052777	3252	*	22.6631313131313	396	0.383074261102527	chr1
chr1	69004211	69006999	2789	*	24.7533333333333	60	0.371203733885615	chr1
chr1	69100106	69102607	2502	*	25.115	120	0.410218335126158	chr1
chr1	69447886	69448210	325	*	22.0833333333333	12	0.365935523692696	chr1
chr1	69599905	69600323	419	*	22.65	8	0.284191851039195	chr1
chr1	69793784	69794196	413	*	20.875	8	0.160981113373898	chr1
chr1	70141936	70142354	419	*	20.5375	16	0.380980238595107	chr1
chr1	70687636	70688711	1076	*	19.725	24	0.319325467990284	chr1
chr1	70707622	70708546	925	*	20.2176470588235	34	0.29712807651883	chr1
chr1	70731661	70733260	1600	*	23.7631578947368	38	0.322228584887316	chr1
chr1	71121267	71124298	3032	*	21.1659090909091	88	0.202441958664517	chr1
chr1	71259118	71259552	435	*	18.825	8	0.251058370214901	chr1
chr1	71272077	71273985	1909	*	23.928125	64	0.188025861426658	chr1
chr1	71311751	71312898	1148	*	21.5375	32	0.337539674426107	chr1
chr1	71966317	71968481	2165	*	22.5	52	0.283641284517712	chr1
chr1	72796010	72797590	1581	*	21.98	50	0.413938775797617	chr1
chr1	73086318	73086675	358	*	22.1	8	0.327827659697828	chr1
chr1	73142611	73143526	916	*	23.1416666666667	24	0.181566147938338	chr1
chr1	73154654	73157375	2722	*	22.1952380952381	126	0.406449303805802	chr1
chr1	73325440	73328486	3047	*	23.635	80	0.413020933589244	chr1
chr1	73341114	73341704	591	*	26.45	16	0.256968989952449	chr1
chr1	73378520	73381270	2751	*	22.4104166666667	96	0.455472415525213	chr1
chr1	73834791	73837288	2498	*	22.64	160	0.348066679006347	chr1
chr1	74790954	74793906	2953	*	23.1764705882353	68	0.412237650172415	chr1
chr1	74838623	74839656	1034	*	22.4	16	0.407969697026566	chr1
chr1	74875882	74880984	5103	*	21.0363636363636	220	0.183899005094838	chr1
chr1	75392929	75393221	293	*	21.9	8	0.3111819442704	chr1
chr1	75448382	75448489	108	*	23.95	16	0.256947121027373	chr1
chr1	75800153	75801035	883	*	22.0285714285714	28	0.347436266608343	chr1
chr1	76026177	76027812	1636	*	21.23125	64	0.186273977126771	chr1
chr1	76165378	76167662	2285	*	20.03	40	0.298862287421895	chr1
chr1	76630323	76631207	885	*	22.0166666666667	24	0.380573928812244	chr1
chr1	76689798	76691477	1680	*	22.535	40	0.207805738114813	chr1
chr1	77366730	77367040	311	*	19.49	20	0.245503079555002	chr1
chr1	77611319	77612000	682	*	22.55625	32	0.314849577134536	chr1
chr1	77638019	77639105	1087	*	20.9272727272727	22	0.33651731477624	chr1
chr1	78058159	78058991	833	*	18.4727272727273	22	0.385622805638631	chr1
chr1	78081632	78082576	945	*	20.7416666666667	24	0.281889999211865	chr1
chr1	78290960	78291836	877	*	23.8833333333333	24	0.33279967921383	chr1
chr1	78401297	78401719	423	*	20.84	20	0.346476521468633	chr1
chr1	78549023	78550250	1228	*	21.60625	32	0.323405898381971	chr1
chr1	78724709	78727314	2606	*	23.9166666666667	60	0.266472462445249	chr1
chr1	79034537	79034682	146	*	21.6	8	0.195342669220924	chr1
chr1	79164526	79164766	241	*	21.0166666666667	12	0.349068293383518	chr1
chr1	80432601	80435083	2483	*	20.8	78	0.320004334128322	chr1
chr1	80567172	80568104	933	*	21.1266666666667	30	0.42027999176998	chr1
chr1	81120804	81122773	1970	*	22.1029411764706	68	0.358341419580151	chr1
chr1	81578180	81585770	7591	*	19.0831683168317	202	0.377464788822391	chr1
chr1	81606095	81608349	2255	*	18.248275862069	58	0.259034376494439	chr1
chr1	81945696	81955016	9321	*	19.5595238095238	252	0.315967005022543	chr1
chr1	82110187	82111340	1154	*	21.8	20	0.16996061134267	chr1
chr1	82460206	82463970	3765	*	20.1325	80	0.203781682153048	chr1
chr1	82533940	82535512	1573	*	21.5666666666667	54	0.154095478443898	chr1
chr1	84868148	84869513	1366	*	21.35	48	0.391066275569851	chr1
chr1	85036222	85038952	2731	*	22.4961538461538	104	0.2395385345514	chr1
chr1	85788909	85789193	285	*	21.1833333333333	12	0.305051045131317	chr1
chr1	85959616	85959862	247	*	23.175	8	0.432138225414012	chr1
chr1	86010568	86010619	52	*	20.725	8	0.341727628389139	chr1
chr1	86177041	86178539	1499	*	23.8333333333333	24	0.277686725928486	chr1
chr1	87195566	87196682	1117	*	22.8555555555556	36	0.201077528800249	chr1
chr1	87907153	87908206	1054	*	20.5230769230769	26	0.299613918426864	chr1
chr1	88189200	88190843	1644	*	20.2	28	0.340180512304915	chr1
chr1	88727171	88727926	756	*	25.44	20	0.311008945627572	chr1
chr1	88747062	88747553	492	*	21.4875	16	0.156708431390325	chr1
chr1	88913038	88913355	318	*	24.0733333333333	30	0.33896870741229	chr1
chr1	89163610	89166982	3373	*	22.0257142857143	140	0.263195078322339	chr1
chr1	89924455	89928625	4171	*	20.0925	160	0.233939216615169	chr1
chr1	90004648	90006523	1876	*	19.2111111111111	36	0.359635839371373	chr1
chr1	90241481	90242060	580	*	19.5833333333333	24	0.328956079879132	chr1
chr1	90546675	90547251	577	*	21.6666666666667	24	0.311929084161903	chr1
chr1	90943167	90945121	1955	*	23.745652173913	92	0.16576011477244	chr1
chr1	91675469	91682109	6641	*	20.6632	250	0.291882577064563	chr1
chr1	91857165	91857802	638	*	21.5	20	0.268957178178643	chr1
chr1	92244542	92245160	619	*	21.7583333333333	24	0.264427164075199	chr1
chr1	92361034	92362600	1567	*	19.6421052631579	38	0.266899241566691	chr1
chr1	92709415	92712470	3056	*	20.7818181818182	88	0.257987693616209	chr1
chr1	93100126	93100743	618	*	23.8	38	0.217173494551108	chr1
chr1	93430212	93431904	1693	*	20.3095238095238	42	0.247472580023143	chr1
chr1	93894990	93896519	1530	*	21.95625	64	0.176255348319349	chr1
chr1	93897200	93897602	403	*	21.1166666666667	12	0.307666988267723	chr1
chr1	94521632	94527608	5977	*	22.6815789473684	228	0.328199016176723	chr1
chr1	95348430	95349148	719	*	20.7785714285714	28	0.28971017608674	chr1
chr1	95484929	95487832	2904	*	21.551724137931	58	0.377964667784785	chr1
chr1	95526990	95527419	430	*	22.0833333333333	12	0.334044389928991	chr1
chr1	95906635	95906709	75	*	20.65	8	0.294535962781709	chr1
chr1	96025055	96025248	194	*	18.1	8	0.383568135813417	chr1
chr1	96177207	96177365	159	*	20.9833333333333	12	0.295000093318125	chr1
chr1	96291228	96292440	1213	*	21.9090909090909	44	0.220890953544814	chr1
chr1	96634730	96635498	769	*	21.8416666666667	24	0.32416088899454	chr1
chr1	97395604	97395829	226	*	21.5	14	0.240874922441736	chr1
chr1	97518070	97518373	304	*	20.65	8	0.398456305821375	chr1
chr1	97940533	97941704	1172	*	21.775	32	0.298208401433885	chr1
chr1	98007185	98009999	2815	*	22.4441176470588	68	0.23115181766551	chr1
chr1	98015719	98016783	1065	*	23.005	40	0.174680337596697	chr1
chr1	99201373	99202619	1247	*	22.4	20	0.25603900021397	chr1
chr1	99218626	99218864	239	*	18.8875	16	0.269233201116982	chr1
chr1	99424102	99424365	264	*	20.8833333333333	12	0.197875356748617	chr1
chr1	99566006	99567295	1290	*	20.5	28	0.222724269651165	chr1
chr1	100495528	100496549	1022	*	20.6	28	0.29005848417383	chr1
chr1	100521350	100522711	1362	*	22.7846153846154	52	0.416986659416727	chr1
chr1	101190611	101191016	406	*	25.4	20	0.263284724212621	chr1
chr1	101516579	101517528	950	*	23.9916666666667	24	0.31608972853445	chr1
chr1	101704081	101704617	537	*	20.1	12	0.291550355260033	chr1
chr1	101741920	101742781	862	*	21.0285714285714	28	0.176165165589641	chr1
chr1	101762051	101762550	500	*	21.475	8	0.342153657737336	chr1
chr1	101865325	101868278	2954	*	21.1645161290323	62	0.420388417662544	chr1
chr1	102472469	102472986	518	*	18.175	16	0.286309151754633	chr1
chr1	102529376	102532120	2745	*	21.2555555555556	54	0.326178212824804	chr1
chr1	102879586	102879838	253	*	23.2363636363636	22	0.351432231355022	chr1
chr1	103250504	103252845	2342	*	17.9566666666667	60	0.345684540127312	chr1
chr1	103557094	103558198	1105	*	23.2828571428571	70	0.165471746491044	chr1
chr1	103768120	103768600	481	*	22.725	8	0.238558094947938	chr1
chr1	103778497	103779874	1378	*	21.775	32	0.273959552429659	chr1
chr1	103949540	103949552	13	*	20.075	8	0.246519535256588	chr1
chr1	104354989	104355050	62	*	22.525	8	0.285204511160883	chr1
chr1	104411888	104411911	24	*	19.45	8	0.327272719638556	chr1
chr1	104945295	104945853	559	*	23.4888888888889	18	0.40667536981033	chr1
chr1	105340844	105341237	394	*	18.1666666666667	12	0.353788909036574	chr1
chr1	105458996	105459687	692	*	22.825	16	0.267640879907393	chr1
chr1	105713832	105713974	143	*	22.0833333333333	12	0.280641414225042	chr1
chr1	105913356	105914775	1420	*	22.7130434782609	46	0.444009277416514	chr1
chr1	106240486	106244105	3620	*	22.2557692307692	104	0.334360338079294	chr1
chr1	106841008	106841840	833	*	21.425	24	0.245328850042212	chr1
chr1	107103748	107109238	5491	*	21.2337662337662	154	0.258575740501586	chr1
chr1	107256529	107258798	2270	*	21.2838709677419	62	0.212769392177207	chr1
chr1	107424583	107424747	165	*	23.225	8	0.360185051904861	chr1
chr1	107645457	107646158	702	*	23.4071428571429	28	0.348310037622966	chr1
chr1	107839438	107840082	645	*	22.1875	16	0.333496856884567	chr1
chr1	108470926	108471689	764	*	22.2142857142857	28	0.184153027952589	chr1
chr1	109315415	109321665	6251	*	22.3752873563218	348	0.30185893678238	chr1
chr1	110827433	110827772	340	*	20.0125	16	0.313782963033939	chr1
chr1	111065015	111065656	642	*	24.35	16	0.180271099014492	chr1
chr1	111114261	111116639	2379	*	21.5431818181818	88	0.362030305870638	chr1
chr1	111159922	111159967	46	*	23.675	8	0.271349781487872	chr1
chr1	111371361	111374219	2859	*	20.2925	80	0.243306381946987	chr1
chr1	112318973	112331546	12574	*	22.752688172043	372	0.258019007544889	chr1
chr1	113228472	113228821	350	*	23.91	20	0.338065604841299	chr1
chr1	113468507	113468839	333	*	20.4666666666667	18	0.44318919326759	chr1
chr1	113686421	113686927	507	*	23.2363636363636	44	0.229330827927194	chr1
chr1	114198659	114204214	5556	*	21.9314285714286	140	0.334207137119431	chr1
chr1	115109182	115116830	7649	*	21.5948113207547	424	0.312703999005091	chr1
chr1	115203959	115204220	262	*	18.325	8	0.376213558416332	chr1
chr1	115618774	115619198	425	*	23.8	12	0.315444172922627	chr1
chr1	116421460	116425368	3909	*	20.5627450980392	102	0.184307584572289	chr1
chr1	116548998	116549845	848	*	21.9916666666667	24	0.187905295667254	chr1
chr1	116895228	116899520	4293	*	22.2396226415094	212	0.404280887115641	chr1
chr1	117420412	117420603	192	*	21.78	10	0.201018406688475	chr1
chr1	117467240	117467684	445	*	20.625	8	0.194521807057215	chr1
chr1	117548766	117550016	1251	*	22.3038461538462	52	0.439006966932927	chr1
chr1	117849172	117849263	92	*	21.4166666666667	12	0.260319999913223	chr1
chr1	118314298	118315238	941	*	21.3777777777778	36	0.35933366327501	chr1
chr1	118334656	118337255	2600	*	20.8777777777778	54	0.202507909404446	chr1
chr1	118441405	118441669	265	*	23.7833333333333	12	0.254589273324956	chr1
chr1	120141254	120141450	197	*	21.3333333333333	12	0.296573841441796	chr1
chr1	120526806	120526993	188	*	19.875	8	0.29067246764077	chr1
chr1	120711774	120711951	178	*	17.525	8	0.188173379618783	chr1
chr1	121216360	121219317	2958	*	21.6953488372093	86	0.36886843839859	chr1
chr1	121444691	121445310	620	*	24.35	16	0.182999876549867	chr1
chr1	121524869	121526932	2064	*	19.0181818181818	44	0.392782059041851	chr1
chr1	121602142	121606483	4342	*	21.3987654320988	162	0.143430858221255	chr1
chr1	123724875	123725701	827	*	14.18	10	0.213645423356099	chr1
chr1	143480135	143483819	3685	*	23.30625	96	0.391299397907912	chr1
chr1	143506958	143508695	1738	*	24.9941176470588	102	0.204857022471784	chr1
chr1	143535884	143536676	793	*	24.8869565217391	46	0.379178745232143	chr1
chr1	143553849	143557214	3366	*	24.4391304347826	92	0.246421517233679	chr1
chr1	144611355	144612784	1430	*	16.4666666666667	18	0.305422301802226	chr1
chr1	146752084	146755610	3527	*	25.1793650793651	126	0.271447576848872	chr1
chr1	147046682	147047910	1229	*	19.81	60	0.220591466959942	chr1
chr1	149315854	149316342	489	*	21.4888888888889	18	0.338192826109125	chr1
chr1	149340721	149341735	1015	*	33.9357142857143	28	0.20403179392376	chr1
chr1	149483569	149486815	3247	*	27.6272727272727	132	0.407304801877572	chr1
chr1	149798388	149798613	226	*	23.95	8	0.139543356109601	chr1
chr1	150752775	150763287	10513	*	21.1732240437158	366	0.264343851101813	chr1
chr1	151433221	151441281	8061	*	26.1351955307263	358	0.406021080231001	chr1
chr1	151775834	151779555	3722	*	20.7655737704918	122	0.359029549771333	chr1
chr1	152067667	152069784	2118	*	23.7388888888889	72	0.365981195792638	chr1
chr1	152096276	152097294	1019	*	22.5727272727273	22	0.296259998312352	chr1
chr1	152574249	152576186	1938	*	25.0083333333333	48	0.312076450961587	chr1
chr1	152616765	152617971	1207	*	17.4	44	0.297183366565749	chr1
chr1	152816563	152816748	186	*	23.8785714285714	28	0.300156954580981	chr1
chr1	152869351	152873268	3918	*	20.8182795698925	186	0.178224403718142	chr1
chr1	152926315	152927002	688	*	21.4666666666667	24	0.2577380647256	chr1
chr1	152974582	152974840	259	*	22.3	8	0.23668256095614	chr1
chr1	153085845	153086414	570	*	22.1571428571429	14	0.407377610475186	chr1
chr1	153130853	153131398	546	*	22.2333333333333	12	0.369307299194391	chr1
chr1	153147717	153150309	2593	*	22.0411764705882	102	0.366943327299084	chr1
chr1	154620968	154621097	130	*	18.55	12	0.291453548659614	chr1
chr1	157399675	157402392	2718	*	23.8205128205128	78	0.436800400265973	chr1
chr1	158210152	158214632	4481	*	20.7851063829787	94	0.309496611655463	chr1
chr1	158305923	158305999	77	*	21.325	8	0.22833826308696	chr1
chr1	158924380	158924692	313	*	19.5833333333333	12	0.312257549698359	chr1
chr1	158933856	158934995	1140	*	23.8714285714286	28	0.161011940704252	chr1
chr1	159181135	159182773	1639	*	21.625	40	0.324105097562035	chr1
chr1	159383342	159384178	837	*	19.44	20	0.388780415371062	chr1
chr1	159699843	159701856	2014	*	21.8045454545455	88	0.406792276879758	chr1
chr1	160474025	160474433	409	*	21.775	8	0.265673687944687	chr1
chr1	160869132	160870128	997	*	20.7294117647059	34	0.310201570788159	chr1
chr1	160870687	160877194	6508	*	22.2381818181818	220	0.286005434886195	chr1
chr1	161609693	161610655	963	*	25.4892857142857	56	0.39850125147435	chr1
chr1	162208803	162222304	13502	*	23.0933333333333	480	0.376396565579525	chr1
chr1	163749138	163750694	1557	*	22.7041666666667	48	0.201924346996311	chr1
chr1	164033254	164033574	321	*	23.2333333333333	6	0.237936695816748	chr1
chr1	165072348	165077804	5457	*	21.4494117647059	170	0.25801701960609	chr1
chr1	165102587	165106604	4018	*	22.9829787234043	94	0.367807703125866	chr1
chr1	165458801	165458879	79	*	22.175	8	0.291198624749425	chr1
chr1	165487774	165488131	358	*	23.575	8	0.379323818666394	chr1
chr1	166478556	166479692	1137	*	20.4714285714286	28	0.150981268720105	chr1
chr1	167331326	167331973	648	*	22.1285714285714	14	0.362902338531376	chr1
chr1	167834367	167834948	582	*	24.175	16	0.282308791517928	chr1
chr1	168766167	168768145	1979	*	22.6735294117647	68	0.312637591677354	chr1
chr1	168782955	168784070	1116	*	21.45625	32	0.309109151660083	chr1
chr1	169710736	169711473	738	*	22.4428571428571	14	0.207287807258299	chr1
chr1	170024326	170024869	544	*	19.7111111111111	18	0.377273264694873	chr1
chr1	170146740	170147515	776	*	22.675	24	0.266201141501362	chr1
chr1	170282222	170282378	157	*	23.7	8	0.157574500200119	chr1
chr1	170864453	170864659	207	*	22.2	16	0.319658280642228	chr1
chr1	171317651	171318178	528	*	21.8555555555556	36	0.163027739717189	chr1
chr1	172417947	172418893	947	*	21.1	24	0.296717788206957	chr1
chr1	173009210	173010077	868	*	23.875	16	0.372101809927036	chr1
chr1	173105002	173106100	1099	*	21.5	28	0.373904254008593	chr1
chr1	173404655	173405197	543	*	24.91	20	0.199672581374612	chr1
chr1	173708881	173709275	395	*	21.74	10	0.207473603197495	chr1
chr1	174109294	174109451	158	*	20.175	8	0.273842726664173	chr1
chr1	175565229	175567836	2608	*	21.6615384615385	104	0.380982166713143	chr1
chr1	176455204	176455229	26	*	23.3	8	0.154224622509272	chr1
chr1	176663895	176668980	5086	*	22.8935897435897	156	0.320182603980614	chr1
chr1	176853594	176856299	2706	*	20.1255813953488	86	0.177108950606116	chr1
chr1	177658192	177659893	1702	*	22.2826086956522	46	0.400739455336597	chr1
chr1	178866748	178869834	3087	*	19.9275	80	0.278638210007104	chr1
chr1	179059276	179066815	7540	*	22.4918367346939	294	0.173988623930735	chr1
chr1	179748219	179750075	1857	*	23.5459459459459	74	0.408668812768737	chr1
chr1	179897493	179898199	707	*	20.64	20	0.374063357243552	chr1
chr1	179912049	179914854	2806	*	19.831914893617	94	0.29180338820249	chr1
chr1	180067410	180068080	671	*	21.26	40	0.334316704252218	chr1
chr1	180428603	180428634	32	*	20.375	8	0.388790932248785	chr1
chr1	181200769	181211135	10367	*	21.7225941422594	478	0.351206474069198	chr1
chr1	182077420	182080759	3340	*	21.7625	128	0.180646905946617	chr1
chr1	183452549	183452686	138	*	21.9	12	0.413087513558299	chr1
chr1	183651811	183654541	2731	*	20.8585365853659	82	0.333071838445813	chr1
chr1	183677184	183678423	1240	*	24.1	22	0.263836094387229	chr1
chr1	183880199	183881328	1130	*	24.875	32	0.311853919280466	chr1
chr1	184878588	184878782	195	*	22.05	8	0.314494294918313	chr1
chr1	185262932	185264671	1740	*	21.5590909090909	44	0.21789367385096	chr1
chr1	185274446	185275575	1130	*	19.1	18	0.393490261385827	chr1
chr1	185308810	185311291	2482	*	19.8733333333333	60	0.158843520636696	chr1
chr1	185364113	185367564	3452	*	24.3674418604651	172	0.321125775108851	chr1
chr1	185712015	185713968	1954	*	24.7615384615385	52	0.227562584362668	chr1
chr1	186129246	186130113	868	*	19.11875	32	0.241451705258835	chr1
chr1	186880515	186882924	2410	*	24.3862068965517	58	0.309229544601222	chr1
chr1	187564679	187565593	915	*	21.5909090909091	22	0.392277751282238	chr1
chr1	187677115	187677457	343	*	22.975	8	0.335631948281983	chr1
chr1	187910878	187910970	93	*	21.55	8	0.194558808119448	chr1
chr1	187984866	187985519	654	*	21.6076923076923	26	0.345748481501757	chr1
chr1	188208459	188208916	458	*	21.37	20	0.291681968043061	chr1
chr1	188296234	188296584	351	*	20.6333333333333	12	0.411097366710443	chr1
chr1	188326104	188326146	43	*	22.3	8	0.343667677220666	chr1
chr1	188597681	188599430	1750	*	21.8272727272727	44	0.258823546881903	chr1
chr1	188967630	188967808	179	*	21.7	12	0.246647216541955	chr1
chr1	190205824	190206686	863	*	19.525	24	0.326859023740211	chr1
chr1	190677894	190680468	2575	*	18.3552631578947	76	0.234817157267132	chr1
chr1	190730208	190734960	4753	*	21.2444444444444	162	0.343352220151116	chr1
chr1	190989518	190993884	4367	*	22.4949494949495	198	0.399373246572342	chr1
chr1	191874023	191874270	248	*	21.1666666666667	12	0.22031039506594	chr1
chr1	192263275	192263957	683	*	20.025	16	0.189608991599691	chr1
chr1	192579152	192579785	634	*	19.45	28	0.393520354510755	chr1
chr1	193108305	193110349	2045	*	24.9535714285714	56	0.421265155835548	chr1
chr1	193837877	193839333	1457	*	22.5833333333333	48	0.209618787273722	chr1
chr1	193933010	193933219	210	*	23.4	8	0.2691796502081	chr1
chr1	193957628	193960214	2587	*	21.2258064516129	62	0.19569886186214	chr1
chr1	194161256	194163049	1794	*	21.6764705882353	34	0.271585437527144	chr1
chr1	194822409	194823389	981	*	20.9875	16	0.230710073501575	chr1
chr1	194931564	194932548	985	*	23.2806451612903	62	0.293660550009081	chr1
chr1	195504004	195504144	141	*	20.6166666666667	12	0.34552004905637	chr1
chr1	195629320	195634084	4765	*	21.6913793103448	116	0.288896199961967	chr1
chr1	195689192	195689232	41	*	22.55	8	0.295795096778471	chr1
chr1	195748651	195751388	2738	*	18.8117647058824	68	0.334254959684922	chr1
chr1	196395150	196398416	3267	*	20.9736842105263	76	0.138660506502243	chr1
chr1	196889891	196892167	2277	*	18.4702127659574	94	0.312142244978941	chr1
chr1	198139489	198140308	820	*	20.9142857142857	28	0.225217124521656	chr1
chr1	198880681	198883040	2360	*	21.6625	48	0.251727604741818	chr1
chr1	199762373	199763777	1405	*	20.3461538461538	52	0.340823216317049	chr1
chr1	204725004	204728750	3747	*	22.9150684931507	146	0.461350614859969	chr1
chr1	205436028	205437647	1620	*	20.530303030303	66	0.184274929929305	chr1
chr1	206086080	206090499	4420	*	21.4247058823529	170	0.412374961252865	chr1
chr1	206627517	206628806	1290	*	21.6066666666667	60	0.357352633049487	chr1
chr1	206854437	206858095	3659	*	20.6186440677966	118	0.19142699363685	chr1
chr1	207262730	207265288	2559	*	22.5348837209302	86	0.378638157140316	chr1
chr1	208574188	208574724	537	*	17.6833333333333	12	0.377197635281701	chr1
chr1	209154044	209154818	775	*	21.765	40	0.382500436907973	chr1
chr1	209186797	209191454	4658	*	21.2684210526316	152	0.275346953990952	chr1
chr1	209514836	209517865	3030	*	23.156	100	0.442035218569302	chr1
chr1	209902019	209903205	1187	*	21.3466666666667	30	0.308682195260901	chr1
chr1	210695845	210697830	1986	*	20.875	56	0.199512420319142	chr1
chr1	210729981	210731245	1265	*	20.5375	32	0.268093657397797	chr1
chr1	210956898	210957784	887	*	22.075	24	0.2088318820797	chr1
chr1	213079707	213085687	5981	*	23.4441176470588	204	0.281611848803084	chr1
chr1	213100336	213102372	2037	*	24.0928571428571	56	0.38016532919016	chr1
chr1	213200730	213200978	249	*	23.75	12	0.225971880502489	chr1
chr1	213903240	213915399	12160	*	23.751598173516	438	0.239316099287254	chr1
chr1	213957297	213960239	2943	*	23.3457142857143	70	0.212577269869995	chr1
chr1	214375768	214377221	1454	*	22.3222222222222	72	0.286474916783838	chr1
chr1	214783644	214783711	68	*	25.05	8	0.334849841236909	chr1
chr1	214790073	214794597	4525	*	23.0655737704918	122	0.348038351625634	chr1
chr1	214908625	214909583	959	*	20.1727272727273	22	0.354259678346752	chr1
chr1	214926762	214928008	1247	*	20.3933333333333	30	0.297412676415599	chr1
chr1	214975539	214981706	6168	*	20.2101123595506	178	0.244466911536943	chr1
chr1	215008639	215008972	334	*	22.9833333333333	12	0.319027750243076	chr1
chr1	215684825	215687354	2530	*	23.7510638297872	94	0.389721966124578	chr1
chr1	216220371	216223859	3489	*	22.4968253968254	126	0.198492518942202	chr1
chr1	216248827	216249041	215	*	22.6625	16	0.331466614322673	chr1
chr1	216412296	216412499	204	*	23.2	12	0.37505014121546	chr1
chr1	216535423	216536003	581	*	19.54	10	0.255854751321518	chr1
chr1	217730256	217731295	1040	*	21.4384615384615	52	0.152156734122776	chr1
chr1	217875640	217877511	1872	*	20.644	50	0.308217606025773	chr1
chr1	218554759	218556004	1246	*	20.2045454545455	44	0.236975633617828	chr1
chr1	219269861	219271453	1593	*	20.8116279069767	86	0.405076219682903	chr1
chr1	219535718	219537779	2062	*	20.32	100	0.34933223126317	chr1
chr1	219655653	219657137	1485	*	20.0636363636364	44	0.169662063946896	chr1
chr1	221081517	221082583	1067	*	23.8681818181818	44	0.318241480628397	chr1
chr1	221420355	221420532	178	*	21.1625	16	0.269807458158494	chr1
chr1	221424165	221426866	2702	*	22.3266666666667	60	0.329177593796001	chr1
chr1	222690447	222690672	226	*	20.85	12	0.183996245443583	chr1
chr1	222848231	222848706	476	*	23.4583333333333	24	0.287942624543047	chr1
chr1	222851152	222852503	1352	*	22.5575	80	0.266393419856394	chr1
chr1	222869836	222873024	3189	*	23.1739130434783	92	0.371942238589413	chr1
chr1	222879032	222879074	43	*	22.225	8	0.265357471124872	chr1
chr1	222991973	222992195	223	*	20.2461538461538	26	0.180184728847623	chr1
chr1	224007303	224007678	376	*	24	12	0.439810988915848	chr1
chr1	224121380	224122768	1389	*	24.3	76	0.231180938967082	chr1
chr1	227051924	227053312	1389	*	21.8695652173913	46	0.228999347461145	chr1
chr1	227055250	227055329	80	*	18.95	8	0.405053605722456	chr1
chr1	227080082	227080329	248	*	23.24	10	0.333983003069977	chr1
chr1	229730342	229731548	1207	*	20.6083333333333	24	0.284611971846292	chr1
chr1	230534356	230535345	990	*	21.234375	64	0.32433521990609	chr1
chr1	230899813	230901214	1402	*	21.81	60	0.275712540852884	chr1
chr1	231380980	231382244	1265	*	22.3222222222222	36	0.266673191461121	chr1
chr1	231950407	231952312	1906	*	24.736	50	0.288751695453059	chr1
chr1	232407534	232408203	670	*	19.5058823529412	34	0.255104673223423	chr1
chr1	233098337	233098839	503	*	24.85	12	0.267940193994148	chr1
chr1	233937698	233938939	1242	*	19.4388888888889	36	0.259754413501848	chr1
chr1	233986839	234001078	14240	*	21.7779661016949	354	0.255691304266719	chr1
chr1	234163075	234164554	1480	*	20.3730769230769	52	0.231780343901902	chr1
chr1	234222410	234223311	902	*	21.0888888888889	36	0.25605125873425	chr1
chr1	234629170	234631804	2635	*	21.0631578947368	76	0.265568551285142	chr1
chr1	235123209	235124342	1134	*	21.0395833333333	96	0.251818646962392	chr1
chr1	235860415	235860472	58	*	22.8	8	0.177661154629553	chr1
chr1	236513776	236518951	5176	*	21.521186440678	236	0.429634649602514	chr1
chr1	237176835	237177499	665	*	25.05	16	0.30465203973512	chr1
chr1	237272906	237281077	8172	*	23.1894736842105	228	0.18317052224611	chr1
chr1	237520515	237522578	2064	*	21.6157894736842	76	0.404591990528963	chr1
chr1	237914175	237914549	375	*	20.65	8	0.41155941130641	chr1
chr1	238499233	238503837	4605	*	20.2338235294118	136	0.330272370415629	chr1
chr1	238516663	238516816	154	*	23.9166666666667	12	0.185380707815114	chr1
chr1	238814869	238815416	548	*	17.775	16	0.343694538411114	chr1
chr1	238895757	238898617	2861	*	21.5314285714286	70	0.324399442015448	chr1
chr1	239376924	239380945	4022	*	19.8879518072289	166	0.430185093951897	chr1
chr1	239695862	239698742	2881	*	21.5628571428571	70	0.185199418346514	chr1
chr1	239716089	239722179	6091	*	25.5698924731183	186	0.329917414246337	chr1
chr1	239773836	239774232	397	*	21.6875	16	0.339510012664503	chr1
chr1	240033181	240034625	1445	*	18.925	32	0.419084389332866	chr1
chr1	241582704	241582957	254	*	20.48	10	0.196224830459958	chr1
chr1	241703166	241704341	1176	*	22.2428571428571	56	0.368656825188412	chr1
chr1	242152157	242152168	12	*	19.0666666666667	6	0.242562543902069	chr1
chr1	242276639	242283717	7079	*	25.1304054054054	296	0.216062057223677	chr1
chr1	242340812	242342510	1699	*	20.1178571428571	56	0.210832247830036	chr1
chr1	242536270	242536580	311	*	21.5833333333333	12	0.270490372282159	chr1
chr1	242576664	242577276	613	*	24.8625	16	0.242989632464983	chr1
chr1	242836582	242836861	280	*	20.9428571428571	28	0.394261691488422	chr1
chr1	242862205	242864648	2444	*	23.2127272727273	110	0.195566229135329	chr1
chr1	244548762	244549050	289	*	25.875	8	0.297891964164502	chr1
chr1	244640832	244641154	323	*	21.1	38	0.273664189369392	chr1
chr1	246481569	246483187	1619	*	22.4413793103448	58	0.383308011210878	chr1
chr1	246826481	246826817	337	*	21.8181818181818	44	0.29025521036976	chr1
chr1	246848080	246851074	2995	*	24.3268292682927	164	0.432707200803659	chr1
chr1	248127148	248130242	3095	*	25.6322580645161	124	0.250530846336862	chr1
chr1	248141131	248146674	5544	*	22.5028571428571	140	0.218467823501296	chr1
chr1	248251340	248251700	361	*	19.225	16	0.219545549960635	chr1
chr1	248548543	248553808	5266	*	18.0421052631579	114	0.264231968307039	chr1
chr1	248582880	248584271	1392	*	17.9166666666667	12	0.231555756042227	chr1
chr1	248888817	248893479	4663	*	25.1561224489796	196	0.410238923445199	chr1
chr1	248940148	248942289	2142	*	38.8033333333333	60	0.232868972313561	chr1
chr2	2080897	2089746	8850	*	20.1402173913043	368	0.431864714541824	chr2
chr2	2590640	2590873	234	*	25.375	16	0.379279046453496	chr2
chr2	2816484	2816590	107	*	21.8	6	0.404398000044588	chr2
chr2	4265144	4265301	158	*	19.3166666666667	12	0.235230119559076	chr2
chr2	4475220	4475396	177	*	20.45	12	0.361209709979674	chr2
chr2	6049596	6050149	554	*	23.45	16	0.402478185485204	chr2
chr2	7442092	7442631	540	*	22.3	20	0.263431741867492	chr2
chr2	13673327	13673811	485	*	24.5625	16	0.374254907579495	chr2
chr2	14180157	14181033	877	*	20.9181818181818	44	0.268417290302178	chr2
chr2	14304744	14305598	855	*	24.6571428571429	28	0.342253775302384	chr2
chr2	14347028	14350838	3811	*	23.6728260869565	184	0.426439145307669	chr2
chr2	14693042	14693165	124	*	23.2	8	0.282074528016274	chr2
chr2	14809165	14809281	117	*	21.3	6	0.270868828478669	chr2
chr2	14918013	14918230	218	*	25.15	16	0.248252602393538	chr2
chr2	16533169	16534843	1675	*	23.0888888888889	36	0.207971845115774	chr2
chr2	18416531	18416873	343	*	20.1	8	0.273620233422491	chr2
chr2	18550710	18551727	1018	*	20.3214285714286	28	0.279904192775158	chr2
chr2	18981840	18982546	707	*	22.6	14	0.333567579096553	chr2
chr2	19107161	19107824	664	*	21.61875	32	0.350678301450278	chr2
chr2	19223128	19224906	1779	*	20.2730769230769	52	0.282811115673593	chr2
chr2	19996705	19997581	877	*	22.45	28	0.230176021582312	chr2
chr2	20881584	20888253	6670	*	22.0833333333333	192	0.450679367864327	chr2
chr2	21325364	21331287	5924	*	24.4505154639175	194	0.207378198648909	chr2
chr2	21786337	21786712	376	*	19.4	12	0.36306175461507	chr2
chr2	22183869	22184492	624	*	21.2636363636364	22	0.376895036271187	chr2
chr2	22201073	22202015	943	*	22.3444444444444	18	0.412187627077805	chr2
chr2	22298358	22302027	3670	*	20.2323529411765	68	0.207289079572369	chr2
chr2	22823833	22824222	390	*	22.4666666666667	12	0.368224685497351	chr2
chr2	23814754	23815486	733	*	21.6352941176471	34	0.400717103091746	chr2
chr2	24522539	24524821	2283	*	24.1785714285714	168	0.310954369116364	chr2
chr2	24991791	24994056	2266	*	23.0275862068966	58	0.180558716612137	chr2
chr2	25022142	25025029	2888	*	19.4555555555556	144	0.311074823251374	chr2
chr2	25601708	25602071	364	*	16.9368421052632	38	0.394985388845141	chr2
chr2	25809787	25812417	2631	*	19.4409090909091	132	0.451374908739317	chr2
chr2	27466537	27469789	3253	*	21.8651162790698	172	0.30753673994962	chr2
chr2	27896236	27896254	19	*	25.325	8	0.314979927068662	chr2
chr2	28514422	28514481	60	*	24.85	8	0.352906380982187	chr2
chr2	28613105	28616009	2905	*	24.410447761194	134	0.316668188119681	chr2
chr2	29110837	29111450	614	*	21.26	20	0.241961208621855	chr2
chr2	29535905	29537852	1948	*	20.0222222222222	54	0.36176226704785	chr2
chr2	30509370	30511793	2424	*	19.4216216216216	74	0.299727377531952	chr2
chr2	30584866	30587475	2610	*	23.2444444444444	126	0.359967474918186	chr2
chr2	30599942	30600052	111	*	20.6666666666667	6	0.286586019295319	chr2
chr2	31601610	31602723	1114	*	19.43	40	0.240985326180662	chr2
chr2	31640570	31640962	393	*	21.8666666666667	12	0.165055055594818	chr2
chr2	34835682	34836371	690	*	23.5666666666667	12	0.185211584637542	chr2
chr2	35773563	35774457	895	*	19.6928571428571	28	0.186051505190802	chr2
chr2	36315239	36316175	937	*	14.1454545454545	22	0.218625563071181	chr2
chr2	36378071	36378832	762	*	22.2125	48	0.393231952747634	chr2
chr2	36495899	36504773	8875	*	23.5198795180723	332	0.261917346815885	chr2
chr2	36586181	36586903	723	*	24.2346153846154	52	0.24925354457296	chr2
chr2	36703592	36709543	5952	*	25.7223684210526	304	0.238884882004312	chr2
chr2	38565428	38571777	6350	*	20.4883495145631	206	0.392894420305481	chr2
chr2	38979806	38982533	2728	*	21.9314285714286	70	0.4206341139561	chr2
chr2	39285719	39287849	2131	*	23.0190476190476	84	0.194964985151248	chr2
chr2	39299953	39301009	1057	*	21.64	40	0.305918159849725	chr2
chr2	39397738	39400321	2584	*	22.8581395348837	86	0.205020939322688	chr2
chr2	39681127	39681559	433	*	21.85	20	0.402128787348207	chr2
chr2	40050910	40052023	1114	*	23.468	50	0.393002457124925	chr2
chr2	40643973	40644766	794	*	22.24	20	0.353282332133552	chr2
chr2	41778589	41778695	107	*	21.65	12	0.335177505435325	chr2
chr2	42657305	42660661	3357	*	24.0354430379747	158	0.243794236232944	chr2
chr2	43109235	43113234	4000	*	20.859	200	0.258993882683129	chr2
chr2	44546289	44546647	359	*	20.9454545454545	22	0.216894067614334	chr2
chr2	45360811	45362973	2163	*	19.5090909090909	44	0.281520039478352	chr2
chr2	45547153	45547562	410	*	21.4125	16	0.346782925552907	chr2
chr2	45578703	45579074	372	*	21.02	20	0.369564118086709	chr2
chr2	45631193	45633025	1833	*	22.3793103448276	58	0.251632301372187	chr2
chr2	46117700	46122841	5142	*	21.645	160	0.268567976614775	chr2
chr2	46235104	46236279	1176	*	20.7291666666667	48	0.428280121838318	chr2
chr2	49135673	49135992	320	*	21.3833333333333	12	0.162440725839469	chr2
chr2	49375007	49377556	2550	*	22.7833333333333	72	0.228201847081172	chr2
chr2	49534547	49534874	328	*	20.5833333333333	12	0.363418593963355	chr2
chr2	49588480	49590679	2200	*	25.725	40	0.431656865768965	chr2
chr2	50295802	50298360	2559	*	19.0076923076923	78	0.288023617457306	chr2
chr2	50733443	50737795	4353	*	22.3509433962264	106	0.230317568331671	chr2
chr2	50744467	50745032	566	*	19.2125	16	0.237909352099244	chr2
chr2	50856539	50859094	2556	*	20.64	60	0.244759312863316	chr2
chr2	51307602	51307861	260	*	19.875	8	0.33874392806979	chr2
chr2	51463990	51464084	95	*	20.925	8	0.189449664777755	chr2
chr2	51985889	51987217	1329	*	19.74	20	0.401695527093871	chr2
chr2	52057401	52058491	1091	*	21.65625	32	0.289636917561551	chr2
chr2	53366717	53367766	1050	*	19.75	44	0.270902078301589	chr2
chr2	53573068	53577739	4672	*	23.6276315789474	152	0.178206917024629	chr2
chr2	53655547	53658750	3204	*	21.622641509434	106	0.216843921810823	chr2
chr2	53996923	53999763	2841	*	17.8076923076923	78	0.280218209241201	chr2
chr2	55016300	55018404	2105	*	20.5722222222222	72	0.213288140250935	chr2
chr2	55288798	55289747	950	*	20.7421052631579	38	0.339809915651909	chr2
chr2	55850406	55851645	1240	*	20.78	20	0.287601947858131	chr2
chr2	56514566	56514898	333	*	21.5166666666667	12	0.317877167490896	chr2
chr2	56592366	56594506	2141	*	23.6416666666667	48	0.361806068500451	chr2
chr2	56706645	56708156	1512	*	21.255	40	0.270531905296606	chr2
chr2	56806244	56806260	17	*	22.3	8	0.297473231269164	chr2
chr2	56972170	56973158	989	*	23.4125	16	0.28875309816564	chr2
chr2	57007757	57007824	68	*	20.175	8	0.387301800735695	chr2
chr2	57491551	57493458	1908	*	19.3294117647059	34	0.363771864079328	chr2
chr2	57577985	57578264	280	*	19.5	6	0.250269683036486	chr2
chr2	58767607	58772193	4587	*	23.164	200	0.397807906822915	chr2
chr2	59297542	59298596	1055	*	25.25625	32	0.396670544246373	chr2
chr2	59309597	59310545	949	*	21.29	20	0.440637889320385	chr2
chr2	59631414	59632491	1078	*	22.8875	32	0.357796582072148	chr2
chr2	59914982	59915718	737	*	20.6894736842105	38	0.2725645593045	chr2
chr2	60033140	60033481	342	*	23.15	28	0.298365523769062	chr2
chr2	61247825	61252563	4739	*	21.7122807017544	228	0.308505497598724	chr2
chr2	61296876	61305794	8919	*	22.5709523809524	420	0.22256917635875	chr2
chr2	61371520	61371786	267	*	25.575	16	0.313692786110083	chr2
chr2	61648505	61650330	1826	*	23.9125	48	0.23487371940202	chr2
chr2	62005739	62006423	685	*	20.9764705882353	34	0.371584740336873	chr2
chr2	62109290	62118051	8762	*	23.716	300	0.313768668309818	chr2
chr2	62682290	62684830	2541	*	22.0822580645161	124	0.224123748933051	chr2
chr2	63274780	63275492	713	*	26.0285714285714	14	0.23085742799632	chr2
chr2	63300895	63302149	1255	*	22.83125	32	0.305175520819397	chr2
chr2	63330893	63331502	610	*	22.63	20	0.213197086343018	chr2
chr2	63563936	63565333	1398	*	22.8125	64	0.348786583075701	chr2
chr2	63883075	63884063	989	*	21.5625	32	0.250609082155266	chr2
chr2	63902655	63903595	941	*	22.34375	32	0.231010483512393	chr2
chr2	64012431	64013373	943	*	23.9545454545455	22	0.234390781548586	chr2
chr2	64733596	64734715	1120	*	21.1653846153846	52	0.309185090396058	chr2
chr2	65722063	65722588	526	*	20.92	20	0.194033956526287	chr2
chr2	65971121	65971748	628	*	23.45	12	0.320333433643748	chr2
chr2	66250137	66253577	3441	*	24.5357142857143	112	0.240592689889267	chr2
chr2	67468500	67476374	7875	*	19.6710144927536	276	0.422514979372374	chr2
chr2	67595270	67595519	250	*	20.225	16	0.1775686373866	chr2
chr2	67894033	67901529	7497	*	22.2362204724409	254	0.279646245500048	chr2
chr2	68311495	68312781	1287	*	21.9647058823529	68	0.345127589310082	chr2
chr2	68631185	68632220	1036	*	23.2555555555556	36	0.346314993943462	chr2
chr2	68799090	68800688	1599	*	20.9052631578947	76	0.3531177073089	chr2
chr2	68861829	68862052	224	*	22	16	0.255617557674383	chr2
chr2	69752508	69753636	1129	*	25.1857142857143	56	0.239159539473633	chr2
chr2	70796648	70798287	1640	*	22.0351351351351	74	0.37478174920061	chr2
chr2	71374589	71378279	3691	*	23.8566666666667	120	0.305279689327301	chr2
chr2	71430646	71434913	4268	*	23.5408695652174	230	0.206732848627145	chr2
chr2	71627313	71627661	349	*	21.1666666666667	12	0.154415851892324	chr2
chr2	71753660	71754512	853	*	20.75	24	0.426768557737354	chr2
chr2	72623952	72625959	2008	*	22.0833333333333	48	0.229792039210277	chr2
chr2	73350236	73353801	3566	*	21.4775	160	0.236701444307685	chr2
chr2	73415589	73420864	5276	*	22.1417910447761	134	0.35457930159679	chr2
chr2	74313331	74315800	2470	*	20.6971428571429	70	0.205530281578715	chr2
chr2	75989983	75990707	725	*	22.7777777777778	18	0.245718094852928	chr2
chr2	76031200	76031587	388	*	24.95	8	0.400740246791886	chr2
chr2	76169657	76169702	46	*	21.95	8	0.260963675361786	chr2
chr2	76183841	76186712	2872	*	21.7384615384615	104	0.269179147704959	chr2
chr2	76588287	76593532	5246	*	20.5538461538462	156	0.378074640193646	chr2
chr2	76716831	76719398	2568	*	25.5380952380952	84	0.255364502148017	chr2
chr2	76767240	76767881	642	*	21.85	16	0.383746467064594	chr2
chr2	77097980	77098339	360	*	22.475	16	0.311780147890129	chr2
chr2	77246363	77246823	461	*	24.275	8	0.221988672256591	chr2
chr2	77666342	77667043	702	*	23.83125	32	0.314691378284637	chr2
chr2	77814030	77814311	282	*	18.75	8	0.231512053992763	chr2
chr2	78230206	78230363	158	*	18.1	6	0.377072289467482	chr2
chr2	78260960	78261526	567	*	22.1	16	0.291208897325814	chr2
chr2	78416848	78418926	2079	*	22.3636363636364	44	0.163346460423465	chr2
chr2	78527842	78528212	371	*	18.92	10	0.253265266936969	chr2
chr2	79065315	79066965	1651	*	25.2103448275862	58	0.360265224309029	chr2
chr2	79184414	79185398	985	*	24.175	24	0.165378949439088	chr2
chr2	80052704	80061726	9023	*	20.5297709923664	262	0.176806742054655	chr2
chr2	80090526	80092462	1937	*	21.3384615384615	52	0.155203382895029	chr2
chr2	80194161	80197717	3557	*	23.4046511627907	86	0.269286182682322	chr2
chr2	80208244	80210902	2659	*	24.575	120	0.201941690775941	chr2
chr2	80365902	80371009	5108	*	24.3888888888889	144	0.241148106504903	chr2
chr2	80474667	80475189	523	*	20.2416666666667	24	0.422406628039885	chr2
chr2	80903811	80904017	207	*	21.2666666666667	12	0.272139917402937	chr2
chr2	81763911	81764728	818	*	19.7375	16	0.42354533077063	chr2
chr2	81887381	81890665	3285	*	23.9777777777778	108	0.234263259232591	chr2
chr2	82147700	82148031	332	*	20.2833333333333	12	0.249068964881081	chr2
chr2	82873202	82873486	285	*	22.675	8	0.233933812098739	chr2
chr2	84053675	84055820	2146	*	22.1827586206897	58	0.242379597780578	chr2
chr2	84141180	84141643	464	*	21.9785714285714	28	0.23312859468837	chr2
chr2	84363468	84363697	230	*	22.65	12	0.304187116187236	chr2
chr2	84412384	84412747	364	*	20.45	8	0.245291820937413	chr2
chr2	84421470	84422460	991	*	21.875	24	0.290832105845129	chr2
chr2	84772465	84773870	1406	*	21.4625	32	0.299050265312822	chr2
chr2	86556025	86557957	1933	*	18.4742857142857	70	0.194876631004068	chr2
chr2	87213836	87214697	862	*	20.1875	16	0.279118065099155	chr2
chr2	87317249	87317707	459	*	23.425	8	0.295819004395342	chr2
chr2	88733786	88737488	3703	*	21.4784090909091	176	0.304972688939061	chr2
chr2	89003153	89003363	211	*	23.3125	16	0.284403352208677	chr2
chr2	89182232	89183251	1020	*	20.8466666666667	30	0.294063215079557	chr2
chr2	89921420	89928112	6693	*	20.7066115702479	242	0.398775654264133	chr2
chr2	90223387	90223506	120	*	22.025	8	0.195866562548353	chr2
chr2	91753344	91754399	1056	*	26.4714285714286	28	0.253342124766692	chr2
chr2	95495870	95496417	548	*	21.0916666666667	24	0.274547845495148	chr2
chr2	97192372	97195372	3001	*	24.4246153846154	130	0.271475959601	chr2
chr2	97981369	97981486	118	*	21.85	12	0.263708699088977	chr2
chr2	97988327	97992534	4208	*	22.1754716981132	106	0.324582459705492	chr2
chr2	98701481	98709487	8007	*	22.2870646766169	402	0.322765979609527	chr2
chr2	99259389	99263911	4523	*	22.8405797101449	138	0.234043331903512	chr2
chr2	100457120	100457917	798	*	20.4333333333333	18	0.373833521911434	chr2
chr2	102987032	102989960	2929	*	23.6807692307692	104	0.276177313749357	chr2
chr2	103257076	103261290	4215	*	24.6903225806452	124	0.243711481462595	chr2
chr2	103321354	103322091	738	*	22.5333333333333	24	0.353323596248605	chr2
chr2	103435662	103437425	1764	*	20.1181818181818	22	0.168381384164526	chr2
chr2	103569502	103569751	250	*	22.16	10	0.323381011540648	chr2
chr2	103945824	103948276	2453	*	21.0208333333333	48	0.20996435164231	chr2
chr2	104174777	104175023	247	*	17.66	10	0.361911123296171	chr2
chr2	104227318	104228117	800	*	25.1142857142857	28	0.272582875984023	chr2
chr2	104278921	104279162	242	*	21.0625	16	0.22609258925541	chr2
chr2	105077014	105079492	2479	*	17.7088888888889	90	0.389198974356799	chr2
chr2	106352874	106362176	9303	*	23.7528409090909	352	0.366731987009947	chr2
chr2	107615510	107615518	9	*	18.075	8	0.319661470247193	chr2
chr2	107737212	107737591	380	*	23.9625	32	0.245981266458541	chr2
chr2	108593354	108593540	187	*	18.5	16	0.315762635775356	chr2
chr2	108653351	108656024	2674	*	23.027358490566	212	0.387390171566619	chr2
chr2	109359918	109360401	484	*	21.5	16	0.235342903051335	chr2
chr2	110235508	110237865	2358	*	19.2448979591837	98	0.388446083479258	chr2
chr2	110367088	110378487	11400	*	35.0679144385027	374	0.269861048702559	chr2
chr2	112464170	112464381	212	*	23.625	8	0.225511750735382	chr2
chr2	112869382	112869703	322	*	19.9166666666667	24	0.303527638274347	chr2
chr2	114317363	114318244	882	*	21.1571428571429	42	0.342582753842248	chr2
chr2	114525589	114528294	2706	*	20.5785714285714	84	0.370166600916076	chr2
chr2	115096221	115096846	626	*	18.93	20	0.333332288512312	chr2
chr2	115490269	115492107	1839	*	20.6851851851852	54	0.329479754411695	chr2
chr2	115838100	115838844	745	*	19.91	20	0.366816225204911	chr2
chr2	115844037	115844533	497	*	20.92	10	0.354040432084416	chr2
chr2	116027427	116028020	594	*	16.475	8	0.161748620626235	chr2
chr2	116158514	116158999	486	*	20.325	24	0.235395925490093	chr2
chr2	116383825	116387082	3258	*	21.44	90	0.333218238243308	chr2
chr2	117035288	117035426	139	*	20.1333333333333	6	0.406428056921603	chr2
chr2	117841110	117842898	1789	*	21.8916666666667	48	0.38630122951072	chr2
chr2	118678914	118683014	4101	*	22.1989795918367	196	0.252213776195434	chr2
chr2	119313950	119321690	7741	*	23.287	200	0.147078732605332	chr2
chr2	119411085	119413849	2765	*	23.3457627118644	118	0.390991536300773	chr2
chr2	119863302	119864652	1351	*	22.9285714285714	28	0.374651565364504	chr2
chr2	120659427	120663917	4491	*	20.3659090909091	264	0.437573767390449	chr2
chr2	120999267	121000049	783	*	20.3875	32	0.215468771940366	chr2
chr2	121416444	121422093	5650	*	21.2666666666667	276	0.334032056086333	chr2
chr2	121560446	121561201	756	*	22.2304347826087	46	0.321943751964726	chr2
chr2	121744779	121749248	4470	*	21.2709302325581	172	0.293813360181549	chr2
chr2	123017085	123018571	1487	*	21.02	30	0.380151935444201	chr2
chr2	123040759	123041840	1082	*	21.6666666666667	24	0.31527567279245	chr2
chr2	123255555	123256059	505	*	22.4625	16	0.21673555115308	chr2
chr2	123379757	123382242	2486	*	21.325641025641	78	0.381657139392169	chr2
chr2	123410400	123411020	621	*	19.6142857142857	28	0.429848306453295	chr2
chr2	123868431	123868739	309	*	18.7	12	0.227215930163616	chr2
chr2	123903200	123903571	372	*	22.0428571428571	14	0.218526348537943	chr2
chr2	123998307	123998915	609	*	18.58	20	0.403374765137066	chr2
chr2	124494204	124497109	2906	*	20.7363636363636	88	0.338866224749126	chr2
chr2	124730931	124731459	529	*	22.55	32	0.174879078792271	chr2
chr2	125016652	125018914	2263	*	20.8321428571429	56	0.419860804072818	chr2
chr2	125863853	125872551	8699	*	23.1869230769231	260	0.298286661089866	chr2
chr2	126480228	126483801	3574	*	22.5577319587629	194	0.370402692231648	chr2
chr2	127255388	127262772	7385	*	21.9978021978022	364	0.201439042102853	chr2
chr2	128914906	128916695	1790	*	21.565	40	0.334326614293182	chr2
chr2	129042638	129045437	2800	*	21.4558823529412	136	0.203416661317857	chr2
chr2	129131202	129131659	458	*	20.5833333333333	12	0.332515416971209	chr2
chr2	129830345	129834591	4247	*	23.83359375	256	0.33484159783382	chr2
chr2	130029810	130030954	1145	*	20.9166666666667	24	0.446009323413297	chr2
chr2	131687384	131693718	6335	*	20.945652173913	184	0.386356484131801	chr2
chr2	132761082	132761549	468	*	23.3916666666667	24	0.395251945479435	chr2
chr2	133136412	133136896	485	*	19.3388888888889	36	0.203365379911887	chr2
chr2	133528457	133529369	913	*	20.1	34	0.388930275031971	chr2
chr2	134861847	134864550	2704	*	19.177380952381	168	0.432936725401066	chr2
chr2	134889326	134889457	132	*	22.625	8	0.369668134071468	chr2
chr2	134953387	134954604	1218	*	22.8088235294118	68	0.160473683695944	chr2
chr2	135098836	135100565	1730	*	21.6266666666667	30	0.268187454770695	chr2
chr2	135689745	135690331	587	*	22.32	20	0.240529918817628	chr2
chr2	137269170	137269506	337	*	24.1636363636364	22	0.203568370363504	chr2
chr2	137560037	137560677	641	*	24.2416666666667	24	0.401359304043995	chr2
chr2	138352561	138352747	187	*	26.3	12	0.208136970540704	chr2
chr2	138511159	138511804	646	*	22.9125	16	0.350861928410405	chr2
chr2	138597017	138598172	1156	*	20.25	32	0.225545695023746	chr2
chr2	138710224	138717445	7222	*	22.7401709401709	234	0.238260386650541	chr2
chr2	138786619	138789145	2527	*	23.3466666666667	60	0.200557251501117	chr2
chr2	139198182	139198739	558	*	19.44	20	0.419870393892984	chr2
chr2	139268910	139271615	2706	*	22.5516129032258	62	0.399541082409462	chr2
chr2	139766146	139768783	2638	*	20.8222222222222	54	0.322633386777385	chr2
chr2	139907117	139911263	4147	*	22.5415094339623	106	0.378908834603932	chr2
chr2	140347294	140347934	641	*	19.025	16	0.19485188385832	chr2
chr2	140374340	140375226	887	*	24.3714285714286	28	0.200685704660511	chr2
chr2	140469827	140471341	1515	*	22.325641025641	78	0.279921344794478	chr2
chr2	140652633	140655938	3306	*	21.5117647058824	136	0.206023301672005	chr2
chr2	140917531	140917945	415	*	18.9142857142857	14	0.339891706825934	chr2
chr2	141218150	141218484	335	*	23.6166666666667	12	0.320707380780801	chr2
chr2	141286639	141287810	1172	*	23.63	40	0.268800693250064	chr2
chr2	142065703	142065908	206	*	23.4166666666667	12	0.252488090065917	chr2
chr2	142158584	142158838	255	*	20.8083333333333	24	0.388384096481257	chr2
chr2	143135668	143137258	1591	*	22.18125	32	0.307110392025553	chr2
chr2	143304046	143304371	326	*	24.3333333333333	12	0.166244878186963	chr2
chr2	143816816	143828344	11529	*	20.0971014492754	414	0.396677065653689	chr2
chr2	145290028	145290260	233	*	22.3625	16	0.233868693452864	chr2
chr2	145313993	145318238	4246	*	21.0416666666667	96	0.342325855780525	chr2
chr2	145571741	145572117	377	*	27.68	20	0.161592345774937	chr2
chr2	145621559	145621762	204	*	21.3833333333333	12	0.183754369089949	chr2
chr2	147251852	147252726	875	*	21.6625	16	0.261076830580704	chr2
chr2	147558754	147559322	569	*	21.2769230769231	26	0.208510971804841	chr2
chr2	147583644	147583962	319	*	21.125	24	0.429612846918067	chr2
chr2	147851903	147855774	3872	*	23.3604651162791	86	0.316386248127806	chr2
chr2	148037663	148038830	1168	*	18.46	20	0.150617844574497	chr2
chr2	148214741	148219298	4558	*	20.3035087719298	114	0.366714520463194	chr2
chr2	148238474	148240470	1997	*	22.0848484848485	66	0.388755683810511	chr2
chr2	148912052	148912701	650	*	23.775	16	0.269952509528714	chr2
chr2	149188437	149189441	1005	*	21.1	26	0.411369122061177	chr2
chr2	149203797	149206985	3189	*	26.0767857142857	112	0.168520431285327	chr2
chr2	149846122	149856920	10799	*	22.8448275862069	348	0.295857830259397	chr2
chr2	150028442	150028842	401	*	20.8666666666667	12	0.244868889211591	chr2
chr2	150081744	150082546	803	*	21.4181818181818	22	0.310787856961871	chr2
chr2	150474818	150479623	4806	*	20.8960526315789	152	0.303748997006312	chr2
chr2	150517434	150518421	988	*	19.3533333333333	30	0.206474184713634	chr2
chr2	150908350	150908997	648	*	24.7666666666667	12	0.296554366920014	chr2
chr2	151789423	151789753	331	*	23.8375	16	0.301488048513648	chr2
chr2	151878897	151879605	709	*	19.8333333333333	12	0.221908841057663	chr2
chr2	152714120	152714319	200	*	22.2333333333333	12	0.286078391551506	chr2
chr2	152855156	152856481	1326	*	21.6277777777778	36	0.426427543583477	chr2
chr2	153695530	153697003	1474	*	21.4894736842105	38	0.405046726041946	chr2
chr2	153899127	153899215	89	*	22.0666666666667	6	0.22137817061902	chr2
chr2	153926620	153927780	1161	*	22.5636363636364	44	0.254723181850846	chr2
chr2	154484875	154490613	5739	*	20.7136363636364	176	0.212522158950799	chr2
chr2	155178651	155179944	1294	*	23.6	24	0.17410852153236	chr2
chr2	155209934	155210164	231	*	21.95	8	0.2022792311134	chr2
chr2	155381209	155381510	302	*	21.35	16	0.43989816280852	chr2
chr2	155492853	155495308	2456	*	21.815	80	0.202418763035802	chr2
chr2	155612909	155613714	806	*	21.0333333333333	30	0.325859948291031	chr2
chr2	155804701	155806945	2245	*	21.7842105263158	38	0.409721117086419	chr2
chr2	156043416	156043915	500	*	23.0833333333333	12	0.345838691478123	chr2
chr2	156061295	156061343	49	*	20.7666666666667	12	0.403370382660173	chr2
chr2	156087223	156088903	1681	*	21.65	40	0.265907833025441	chr2
chr2	156454908	156460242	5335	*	20.1181818181818	176	0.276063304841965	chr2
chr2	156887825	156888238	414	*	21.2	8	0.398330403135896	chr2
chr2	157038890	157039017	128	*	24.25	12	0.187687675216355	chr2
chr2	157039558	157039982	425	*	25.6875	32	0.286018030702535	chr2
chr2	157065697	157067056	1360	*	25.7857142857143	28	0.325513118391983	chr2
chr2	157288708	157289166	459	*	21.88	20	0.256119293619918	chr2
chr2	158182212	158184079	1868	*	22.7346153846154	52	0.350325668206364	chr2
chr2	158235781	158236062	282	*	18.6	20	0.252449447192321	chr2
chr2	158451571	158452793	1223	*	23.67	20	0.220463782235143	chr2
chr2	158563814	158566390	2577	*	21.5878787878788	66	0.289944233571421	chr2
chr2	158588299	158589958	1660	*	23.4	48	0.354660068901672	chr2
chr2	158979384	158979529	146	*	22.85	16	0.273931994606408	chr2
chr2	159431744	159432666	923	*	20.13	20	0.439841919338101	chr2
chr2	159606942	159608330	1389	*	24.215625	64	0.261023255801018	chr2
chr2	159833796	159834312	517	*	20.16	20	0.233734220148868	chr2
chr2	159942994	159944146	1153	*	21.634375	64	0.318271783067297	chr2
chr2	160151759	160152441	683	*	20.425	16	0.191525369967845	chr2
chr2	160361143	160363543	2401	*	21.5075	80	0.298843040491657	chr2
chr2	160687682	160688651	970	*	20.652380952381	42	0.214769636614535	chr2
chr2	160722035	160723359	1325	*	24.44375	32	0.215479819402641	chr2
chr2	160898317	160899322	1006	*	22.4888888888889	36	0.1835794709815	chr2
chr2	161138485	161138625	141	*	23.75	8	0.299556709268033	chr2
chr2	161226574	161229025	2452	*	19.44	80	0.407910571279036	chr2
chr2	162880935	162881259	325	*	22.65	12	0.32367607902253	chr2
chr2	163137051	163137242	192	*	23.8333333333333	12	0.24075219404815	chr2
chr2	163546229	163547246	1018	*	23.0363636363636	44	0.283455081705913	chr2
chr2	163831565	163833635	2071	*	22.5589285714286	112	0.177488147851329	chr2
chr2	163856977	163858096	1120	*	19.2818181818182	22	0.170461479937258	chr2
chr2	164106574	164107515	942	*	22.9625	16	0.169081645209019	chr2
chr2	164387728	164391434	3707	*	23.8440677966102	118	0.250319465620939	chr2
chr2	164442057	164443367	1311	*	20.7	30	0.27568008612647	chr2
chr2	164518831	164523364	4534	*	22.7348484848485	132	0.218366828908004	chr2
chr2	164727985	164728127	143	*	21.9875	16	0.160203052107318	chr2
chr2	164772806	164776888	4083	*	25.9213114754098	122	0.409060366131322	chr2
chr2	165014602	165016397	1796	*	22.3	32	0.175849154380421	chr2
chr2	165336001	165336974	974	*	20.9	16	0.291120720515869	chr2
chr2	166111553	166112291	739	*	22.9	20	0.371901420077793	chr2
chr2	166183626	166184518	893	*	20.8076923076923	26	0.282666991145513	chr2
chr2	166575371	166576411	1041	*	22.6352941176471	68	0.251594134838761	chr2
chr2	166967204	166970001	2798	*	18.4242424242424	66	0.177549242807813	chr2
chr2	167016071	167017073	1003	*	25.8583333333333	24	0.341489916543684	chr2
chr2	167072475	167073795	1321	*	24.30625	32	0.211255071434942	chr2
chr2	167389278	167395665	6388	*	21.0029126213592	206	0.200449696209917	chr2
chr2	167397636	167398406	771	*	21.975	16	0.1704557784814	chr2
chr2	167658057	167658428	372	*	21.45	8	0.181613773814265	chr2
chr2	167943287	167943694	408	*	20.85	8	0.18595029648516	chr2
chr2	168482579	168485754	3176	*	23.418	100	0.150662225219328	chr2
chr2	169467675	169467744	70	*	18	12	0.357214799668078	chr2
chr2	170093574	170094040	467	*	22.1	8	0.40314142582739	chr2
chr2	170375160	170378353	3194	*	21.9339622641509	106	0.438064291544679	chr2
chr2	170582136	170583845	1710	*	19.4333333333333	54	0.360567984535303	chr2
chr2	170739040	170740265	1226	*	22.805	40	0.386391484528088	chr2
chr2	170773140	170774010	871	*	21.0571428571429	14	0.279685198384685	chr2
chr2	171175958	171178685	2728	*	20.6106060606061	132	0.376985308537604	chr2
chr2	171813368	171815242	1875	*	22.7295454545455	88	0.219664023807835	chr2
chr2	172243670	172245754	2085	*	21.95	44	0.342766393751853	chr2
chr2	172607161	172607709	549	*	24.9833333333333	24	0.407280158246929	chr2
chr2	172678915	172678999	85	*	20.6	8	0.375519640441579	chr2
chr2	173710968	173711839	872	*	25.1833333333333	24	0.3216073121501	chr2
chr2	174175774	174176118	345	*	24.0166666666667	12	0.158983780469844	chr2
chr2	174443456	174443470	15	*	22.9333333333333	6	0.336162697425723	chr2
chr2	175081477	175082260	784	*	24.6055555555556	36	0.385420951650027	chr2
chr2	175120229	175122084	1856	*	24.425	48	0.419973711560206	chr2
chr2	175281752	175282335	584	*	23.9583333333333	48	0.255156379646477	chr2
chr2	175299445	175300162	718	*	24.9416666666667	24	0.434467037238261	chr2
chr2	175397899	175399874	1976	*	23.6681818181818	88	0.356071322688547	chr2
chr2	175759500	175762882	3383	*	24.2282352941176	170	0.377044425367159	chr2
chr2	175924957	175925944	988	*	22.968	50	0.249511224044377	chr2
chr2	176056019	176056113	95	*	22.95	8	0.40217093139708	chr2
chr2	176870573	176871074	502	*	22.5	8	0.196946261847215	chr2
chr2	176874749	176875372	624	*	21.5833333333333	12	0.398687758607505	chr2
chr2	177112347	177113430	1084	*	23.1928571428571	28	0.205519936426704	chr2
chr2	177135698	177136668	971	*	21.5916666666667	24	0.206056926261324	chr2
chr2	177163858	177171993	8136	*	18.8268041237113	388	0.264414245850541	chr2
chr2	177417653	177417798	146	*	24.25	8	0.238681615735538	chr2
chr2	177696567	177697344	778	*	20.6666666666667	18	0.306988728066554	chr2
chr2	178314703	178315920	1218	*	22.0214285714286	28	0.368354559441033	chr2
chr2	178335836	178338964	3129	*	24.2508474576271	118	0.226385568932196	chr2
chr2	178512664	178514361	1698	*	21.425	72	0.448498878686007	chr2
chr2	179096289	179096452	164	*	23.1833333333333	12	0.186574864851092	chr2
chr2	179792654	179792715	62	*	21.05	16	0.410137363790633	chr2
chr2	180185819	180185865	47	*	24.2166666666667	12	0.393709399785479	chr2
chr2	180187999	180188844	846	*	20.7	16	0.358893980449611	chr2
chr2	180220279	180221051	773	*	20.3	12	0.185053226302876	chr2
chr2	180341890	180343054	1165	*	23.6866666666667	30	0.24722550623813	chr2
chr2	181107523	181109726	2204	*	20.675	48	0.280676625275883	chr2
chr2	181494098	181497277	3180	*	23.7951219512195	82	0.162357940983948	chr2
chr2	181640329	181641492	1164	*	22.2111111111111	36	0.381422701129193	chr2
chr2	181766681	181767419	739	*	22.625	32	0.23633939036424	chr2
chr2	182079216	182080554	1339	*	21.7541666666667	48	0.418057374960448	chr2
chr2	182359375	182361267	1893	*	22.8878048780488	82	0.351703057109369	chr2
chr2	182400445	182402206	1762	*	19.725	48	0.371810419187449	chr2
chr2	182501006	182501167	162	*	21.525	8	0.287315479980844	chr2
chr2	182927513	182929135	1623	*	19.0777777777778	36	0.286424121496557	chr2
chr2	183528415	183529320	906	*	20	20	0.219426009264732	chr2
chr2	183670539	183673138	2600	*	19.7529411764706	68	0.209343247789343	chr2
chr2	184135858	184137605	1748	*	19.4888888888889	36	0.278464656534268	chr2
chr2	184907538	184909222	1685	*	21.2833333333333	24	0.349390184166393	chr2
chr2	185234541	185235582	1042	*	22.6458333333333	48	0.168261637069828	chr2
chr2	185247599	185248081	483	*	20.8833333333333	12	0.382639512423242	chr2
chr2	185664101	185664558	458	*	19.2	12	0.176950363962655	chr2
chr2	186509865	186512617	2753	*	22.5906976744186	86	0.349070211061935	chr2
chr2	187084999	187085519	521	*	20.65	16	0.289106026620754	chr2
chr2	187199625	187199639	15	*	19.65	8	0.295209053750019	chr2
chr2	187275747	187279239	3493	*	22.5227272727273	88	0.288583807499457	chr2
chr2	187290941	187292060	1120	*	20.2	20	0.411606903286147	chr2
chr2	187665335	187665844	510	*	18.5333333333333	12	0.430987635705903	chr2
chr2	187712136	187713553	1418	*	22.7388888888889	36	0.207113721812198	chr2
chr2	188049554	188050137	584	*	22.025	16	0.3245329523257	chr2
chr2	188663153	188665558	2406	*	20.4923076923077	52	0.393344648342357	chr2
chr2	188703004	188704246	1243	*	21.1083333333333	24	0.314115332288608	chr2
chr2	188792570	188793432	863	*	22.3782608695652	46	0.224405317664937	chr2
chr2	188803171	188805885	2715	*	22.9769230769231	52	0.346932914662752	chr2
chr2	188850664	188854894	4231	*	22.0279069767442	86	0.351548068534112	chr2
chr2	189150251	189151493	1243	*	20.68	20	0.285743149307721	chr2
chr2	189158982	189159867	886	*	22.05625	32	0.361082925180174	chr2
chr2	189525804	189527749	1946	*	22.6263157894737	76	0.197766384271698	chr2
chr2	190106188	190106473	286	*	25.75	8	0.427939991586941	chr2
chr2	190330612	190330741	130	*	21.85	12	0.392674706491855	chr2
chr2	191803584	191805178	1595	*	23.5744186046512	86	0.460465030320032	chr2
chr2	191827705	191828838	1134	*	20.6769230769231	52	0.366013905932285	chr2
chr2	192024597	192031464	6868	*	23.3537634408602	186	0.317267252851957	chr2
chr2	192356606	192356859	254	*	21.775	16	0.351467430559547	chr2
chr2	192823525	192825248	1724	*	21.9736842105263	38	0.38817733730021	chr2
chr2	192854112	192857007	2896	*	20.6132352941176	136	0.266029901243116	chr2
chr2	193447131	193447851	721	*	20.6863636363636	44	0.216329804175368	chr2
chr2	193546572	193546624	53	*	21	8	0.35912522906177	chr2
chr2	193850868	193852235	1368	*	20.9666666666667	24	0.427624141363794	chr2
chr2	194230766	194234801	4036	*	18.5125	80	0.265511377002947	chr2
chr2	194246190	194246791	602	*	21.74	20	0.254324897128451	chr2
chr2	194385759	194387006	1248	*	20.225	40	0.213050208569299	chr2
chr2	194572106	194573218	1113	*	19.5125	16	0.378628341527178	chr2
chr2	194839499	194839650	152	*	22.1333333333333	6	0.32863991236792	chr2
chr2	195003884	195004518	635	*	22.7	16	0.203263844367699	chr2
chr2	195462468	195462574	107	*	23.7333333333333	12	0.40399852054521	chr2
chr2	196763843	196768967	5125	*	20.1377777777778	180	0.295305379001943	chr2
chr2	196921052	196921989	938	*	19.3	20	0.42505347149311	chr2
chr2	196943096	196950233	7138	*	22.8106382978723	188	0.379646175530968	chr2
chr2	197300337	197301445	1109	*	22.296	50	0.36083108190625	chr2
chr2	197548093	197550537	2445	*	21.7641791044776	134	0.288282973268714	chr2
chr2	197797888	197798498	611	*	22.7727272727273	22	0.14081083209724	chr2
chr2	198194898	198198636	3739	*	24.4712328767123	146	0.264827190310794	chr2
chr2	198966797	198969819	3023	*	20.5047619047619	84	0.3827267689268	chr2
chr2	199310851	199313353	2503	*	22.05	84	0.228282106531102	chr2
chr2	199330463	199331101	639	*	22.8083333333333	24	0.380374554430665	chr2
chr2	200047871	200049594	1724	*	23.4565217391304	46	0.265275129045793	chr2
chr2	200697126	200699151	2026	*	23.0590909090909	88	0.354769904745953	chr2
chr2	200914097	200917634	3538	*	23.4201550387597	258	0.383056933310739	chr2
chr2	201375321	201376303	983	*	24.9636363636364	44	0.213785570602564	chr2
chr2	202287090	202293180	6091	*	21.483615819209	354	0.399848158144229	chr2
chr2	203143905	203144186	282	*	24.695	40	0.189193409171552	chr2
chr2	203359635	203361875	2241	*	24.0133333333333	60	0.416187431921457	chr2
chr2	203447858	203447985	128	*	23.4	12	0.427805601054268	chr2
chr2	203719963	203725278	5316	*	20.725	152	0.400606393519309	chr2
chr2	204069704	204071316	1613	*	22.3222222222222	72	0.201916882578527	chr2
chr2	204300818	204301333	516	*	20.325	24	0.208033968436442	chr2
chr2	204714557	204714641	85	*	22.95	8	0.26748633719228	chr2
chr2	204751107	204751207	101	*	22.55	8	0.283595943395838	chr2
chr2	205128261	205128666	406	*	22.2	12	0.430310251086633	chr2
chr2	206126396	206126766	371	*	22.8375	16	0.325971224589688	chr2
chr2	207046841	207057666	10826	*	24.7731818181818	440	0.178853857614509	chr2
chr2	208546978	208548077	1100	*	24.1857142857143	28	0.344257839850324	chr2
chr2	208582642	208584806	2165	*	24.5615384615385	52	0.233480602110445	chr2
chr2	208585764	208586838	1075	*	24.2166666666667	24	0.234470501034013	chr2
chr2	208770070	208771072	1003	*	21.8333333333333	24	0.324288242878439	chr2
chr2	208846763	208847413	651	*	23.5125	16	0.332632371152681	chr2
chr2	209114195	209116418	2224	*	20.7192307692308	52	0.312804405948526	chr2
chr2	209221569	209221662	94	*	21.3	8	0.414464574369687	chr2
chr2	209601767	209605191	3425	*	20.8269230769231	104	0.221355366695633	chr2
chr2	209666177	209669255	3079	*	19.2305555555556	72	0.306797394399044	chr2
chr2	210350347	210352724	2378	*	21.2113636363636	88	0.296128690056445	chr2
chr2	210782364	210783136	773	*	21.0363636363636	22	0.334075056221462	chr2
chr2	211035826	211039640	3815	*	20.4018181818182	110	0.293459831118226	chr2
chr2	211466931	211467498	568	*	23.83	20	0.330514604553828	chr2
chr2	211867055	211867790	736	*	19.925	24	0.169295240819731	chr2
chr2	212029611	212030299	689	*	22.925	16	0.393723779884595	chr2
chr2	212067266	212068912	1647	*	24.6388888888889	36	0.332289384212781	chr2
chr2	212529421	212530142	722	*	23.9666666666667	12	0.234747739345174	chr2
chr2	212935364	212936076	713	*	20.9642857142857	28	0.19163204394278	chr2
chr2	213120773	213121346	574	*	21.9666666666667	24	0.358442546610852	chr2
chr2	213154213	213154990	778	*	21.1368421052632	38	0.362470158641753	chr2
chr2	213709259	213709366	108	*	20.85	12	0.229454314605576	chr2
chr2	213926266	213927260	995	*	18.8434782608696	46	0.202915679812466	chr2
chr2	214049297	214051184	1888	*	21.9967741935484	62	0.352927363040069	chr2
chr2	214283773	214284611	839	*	23.5	20	0.146291579203746	chr2
chr2	214636565	214638436	1872	*	21.7317073170732	82	0.252520767205458	chr2
chr2	215112319	215113348	1030	*	24.775	48	0.287398145414658	chr2
chr2	215231274	215232889	1616	*	20.3652173913043	92	0.328293223402866	chr2
chr2	215571906	215572200	295	*	21.275	8	0.226855394420793	chr2
chr2	216340949	216342790	1842	*	22.80625	64	0.262932568288584	chr2
chr2	216720894	216722094	1201	*	19.8333333333333	36	0.163052354260592	chr2
chr2	216905722	216907471	1750	*	24.4379310344828	58	0.295473805005379	chr2
chr2	217759202	217762354	3153	*	21.1285714285714	84	0.271676717968096	chr2
chr2	219846731	219847461	731	*	19.9928571428571	28	0.354703024650467	chr2
chr2	219883828	219885698	1871	*	23.8285714285714	70	0.296393613785528	chr2
chr2	220594802	220595577	776	*	20.8375	32	0.282090606384085	chr2
chr2	221024101	221028890	4790	*	23.633734939759	166	0.281051508411406	chr2
chr2	221034343	221036402	2060	*	20.4190476190476	84	0.219129891398558	chr2
chr2	221196600	221198275	1676	*	18.8	28	0.223359403902593	chr2
chr2	222309172	222309468	297	*	22.4625	16	0.313887138997071	chr2
chr2	223936991	223937496	506	*	22.375	24	0.336837629711303	chr2
chr2	223969570	223973415	3846	*	23.8	118	0.248537521031398	chr2
chr2	224093621	224095242	1622	*	22.7666666666667	36	0.420724988423907	chr2
chr2	224899384	224903387	4004	*	25.08875	160	0.374880735114606	chr2
chr2	225897784	225898500	717	*	18.7555555555556	18	0.38564222012273	chr2
chr2	226444792	226445940	1149	*	18.8684210526316	38	0.367147240936959	chr2
chr2	226788031	226788056	26	*	21.0666666666667	6	0.208825550559103	chr2
chr2	227476937	227478614	1678	*	24.3230769230769	104	0.216159397574563	chr2
chr2	227576632	227577959	1328	*	22.6833333333333	36	0.334182630020108	chr2
chr2	227785666	227786595	930	*	21.64375	32	0.16880228543762	chr2
chr2	227949571	227950133	563	*	18.4833333333333	12	0.368512063551216	chr2
chr2	228215514	228215839	326	*	21.4333333333333	12	0.318870514956712	chr2
chr2	228504169	228508229	4061	*	23.9271604938272	162	0.17853153479125	chr2
chr2	229992233	229992693	461	*	22.55625	32	0.354708392407985	chr2
chr2	231763385	231764017	633	*	24.75	12	0.287698914945906	chr2
chr2	232775982	232776010	29	*	20.875	8	0.218640059738326	chr2
chr2	232823644	232824814	1171	*	21.4074074074074	54	0.294386418320175	chr2
chr2	232827116	232828463	1348	*	22.1916666666667	48	0.281567299849927	chr2
chr2	233602982	233606848	3867	*	24.5367346938776	98	0.298381805692061	chr2
chr2	233759131	233766659	7529	*	22.6790322580645	372	0.383247256092187	chr2
chr2	235526426	235526853	428	*	21.8333333333333	12	0.345346608291259	chr2
chr2	236833954	236834316	363	*	22.775	24	0.273340375703271	chr2
chr2	238605382	238609967	4586	*	22.1236363636364	110	0.288414014358843	chr2
