chr	start	end	width	strand	cov	num_cpgs	delta_beta
chr1	5087675	5088557	883	*	20.9055555555556	36	0.218011036089073
chr1	5301581	5301872	292	*	21.94	10	0.371349102996253
chr1	5531245	5532245	1001	*	24.6666666666667	48	0.369823732364182
chr1	16685018	16688511	3494	*	32.1414634146341	246	0.276590332273669
chr1	23103188	23104544	1357	*	21.8130434782609	92	0.270657660396861
chr1	24040632	24043263	2632	*	23.65	108	0.271887587199658
chr1	24334041	24334661	621	*	22.3454545454545	44	0.383695363301635
chr1	26718051	26721494	3444	*	23.0111111111111	252	0.277074348161591
chr1	27459900	27465165	5266	*	24.4497354497354	378	0.399955154376815
chr1	29050114	29055033	4920	*	22.4759398496241	266	0.227447524292978
chr1	29562238	29565708	3471	*	22.5259259259259	54	0.151683673310038
chr1	29615616	29615678	63	*	19.35	8	0.275206036749348
chr1	30565400	30566769	1370	*	21.9823529411765	34	0.262393049044405
chr1	33024924	33025184	261	*	21.6928571428571	28	0.344842427166261
chr1	33488258	33497986	9729	*	22.7059139784946	372	0.221604272198019
chr1	33498525	33505817	7293	*	21.6839160839161	286	0.340716986056581
chr1	35002834	35005242	2409	*	21.2196428571429	112	0.336228269850683
chr1	35221923	35225429	3507	*	21.9638888888889	144	0.364871568285199
chr1	36533206	36536229	3024	*	21.055223880597	134	0.402527504966528
chr1	36741116	36744468	3353	*	20.994	100	0.217207961557909
chr1	37355270	37365456	10187	*	21.975	368	0.329134865801472
chr1	37408884	37409037	154	*	25.0333333333333	12	0.292804858804294
chr1	38732018	38736054	4037	*	22.0188679245283	106	0.273444172133924
chr1	39182896	39189300	6405	*	21.6695652173913	230	0.281244543075737
chr1	40198033	40203498	5466	*	22.250406504065	246	0.31043583336645
chr1	40718272	40725537	7266	*	21.2103448275862	290	0.211374869493584
chr1	42029221	42033059	3839	*	19.7222222222222	126	0.394607305171198
chr1	42253368	42260427	7060	*	21.9785046728972	214	0.33631350130195
chr1	42362711	42362827	117	*	25.15	12	0.315362877940347
chr1	42901253	42902624	1372	*	21.9566666666667	60	0.345442404679597
chr1	43295060	43298916	3857	*	23.7493670886076	158	0.147501327517672
chr1	43788988	43789607	620	*	23.1	12	0.298217135616437
chr1	45042401	45043375	975	*	22.59375	32	0.387863679639218
chr1	46758548	46759525	978	*	23.3666666666667	18	0.189851887410208
chr1	47738630	47739355	726	*	23.2529411764706	34	0.39753271339402
chr1	48068184	48068630	447	*	21.7333333333333	12	0.407185365902879
chr1	48624585	48624971	387	*	20.2333333333333	24	0.304898958021057
chr1	48756630	48756685	56	*	23.1	8	0.384922125546859
chr1	48945315	48946841	1527	*	20.5318181818182	44	0.393110448571679
chr1	48983250	48983656	407	*	19.74	10	0.257028002662504
chr1	49576570	49581069	4500	*	21.4375	128	0.402292334731041
chr1	49645104	49645997	894	*	20.35	16	0.241882781296603
chr1	49733247	49733503	257	*	24.1375	16	0.317621617518659
chr1	50027186	50028619	1434	*	22.8611111111111	36	0.363542854665912
chr1	50133830	50135391	1562	*	22.6	42	0.259220871779796
chr1	50453084	50461631	8548	*	20.9816513761468	218	0.27040311508662
chr1	50568496	50571651	3156	*	21.6122448979592	98	0.268561335078595
chr1	51438846	51438919	74	*	19.38	10	0.213413297016613
chr1	51525136	51527074	1939	*	22.1175	80	0.31926633864881
chr1	51640574	51642530	1957	*	21.45	56	0.401525795048297
chr1	52239343	52239800	458	*	21.1714285714286	14	0.291471432938517
chr1	52489835	52492434	2600	*	23.7391304347826	92	0.297097373423937
chr1	52576688	52585171	8484	*	21.7347826086957	322	0.276401138056109
chr1	55481648	55483171	1524	*	23.2318181818182	44	0.228062088141558
chr1	55724877	55728504	3628	*	20.4130434782609	92	0.338927075672539
chr1	57047224	57050496	3273	*	20.3384615384615	130	0.299100788152276
chr1	57397493	57401203	3711	*	19.8947368421053	114	0.41604234325151
chr1	57509179	57511329	2151	*	21.2030303030303	66	0.324520865920597
chr1	57837827	57838211	385	*	22.5375	16	0.337672437227804
chr1	58297243	58298002	760	*	20.5444444444444	18	0.322911279698251
chr1	58521828	58521974	147	*	22.35	8	0.296432624106844
chr1	58522943	58525553	2611	*	22.538	100	0.260477216325882
chr1	58685202	58687938	2737	*	22.1086956521739	92	0.44321842879165
chr1	58909035	58910234	1200	*	22.7571428571429	28	0.239595025084482
chr1	59537381	59540713	3333	*	20.1648648648649	74	0.326693133954934
chr1	59837474	59838477	1004	*	21.0444444444444	36	0.358284508281366
chr1	60169385	60170447	1063	*	23.365	40	0.413981951158997
chr1	60195355	60199581	4227	*	19.5584905660377	106	0.402758089178746
chr1	60245370	60245497	128	*	25.875	8	0.224756683312411
chr1	60325654	60328319	2666	*	24.8736842105263	76	0.255913625875199
chr1	60339930	60340230	301	*	24.25	16	0.194340519057398
chr1	60922382	60931799	9418	*	26.2951515151515	330	0.430720742261083
chr1	61107281	61107821	541	*	19.4888888888889	18	0.374137460263231
chr1	61547097	61548896	1800	*	20.8947368421053	38	0.417931051559193
chr1	61839968	61840219	252	*	19.8333333333333	12	0.3470064743604
chr1	62950232	62950417	186	*	21.41	20	0.381572812763109
chr1	62952850	62957661	4812	*	21.5033333333333	180	0.265947461037282
chr1	63556489	63558832	2344	*	21.0634615384615	104	0.283842880918066
chr1	63782019	63783877	1859	*	23.2566666666667	60	0.337183785935895
chr1	63845067	63849806	4740	*	20.9677777777778	180	0.302483756989466
chr1	63987368	63990542	3175	*	22.4625	80	0.267392339590177
chr1	64564937	64565188	252	*	19.0166666666667	12	0.328974982653446
chr1	64754424	64754962	539	*	20.97	20	0.35518574550745
chr1	64799545	64800632	1088	*	21.7904761904762	42	0.373487497810964
chr1	65259986	65261375	1390	*	20.6277777777778	36	0.334254959684922
chr1	65598185	65599593	1409	*	22.90625	32	0.397267258102852
chr1	66126918	66127714	797	*	21.2642857142857	28	0.246932549250411
chr1	66220340	66220658	319	*	21.4	8	0.427558540573599
chr1	66720524	66722852	2329	*	21.5828125	128	0.332197301197015
chr1	67016975	67017507	533	*	23.2	12	0.427568242851045
chr1	67336083	67341374	5292	*	21.9745098039216	204	0.344276618130391
chr1	67800086	67800289	204	*	19.95	12	0.266386890379831
chr1	68005232	68009896	4665	*	20.277027027027	148	0.391036153918836
chr1	68068090	68071326	3237	*	24.0918918918919	74	0.287450968448707
chr1	68082463	68083260	798	*	21.44	20	0.360659411915122
chr1	68290642	68292128	1487	*	19.9351351351351	74	0.40291987590217
chr1	68443038	68443700	663	*	20.7857142857143	28	0.402702400870064
chr1	68581021	68581391	371	*	23.8	12	0.369082868565511
chr1	68721634	68721868	235	*	21	12	0.366620420365179
chr1	68875738	68877262	1525	*	23.6952380952381	42	0.273840049631012
chr1	68890944	68891625	682	*	23.525	24	0.338805652248367
chr1	69271677	69271973	297	*	21.66	20	0.413391763662221
chr1	70457863	70458052	190	*	22.7833333333333	12	0.447305340210014
chr1	70556035	70562464	6430	*	23.0086956521739	184	0.255177715165767
chr1	70751057	70752819	1763	*	21.4085714285714	70	0.38988653562585
chr1	71496964	71497370	407	*	19.95	20	0.223063825012382
chr1	71962227	71965347	3121	*	22.452380952381	84	0.342400813127183
chr1	72386391	72386762	372	*	20.8	24	0.359353265156098
chr1	72426506	72429188	2683	*	23.6868421052632	76	0.370579596451475
chr1	72663333	72664218	886	*	22.425	16	0.355489480788621
chr1	72766000	72768433	2434	*	22.8535714285714	56	0.354857997420991
chr1	72827719	72829008	1290	*	22.385	40	0.15525323867072
chr1	73040710	73040884	175	*	22	8	0.329743489693509
chr1	73053382	73053815	434	*	25.3	12	0.223646138841482
chr1	73299519	73299529	11	*	21.15	8	0.273415644375013
chr1	73468461	73469505	1045	*	20.7882352941176	34	0.386775916134417
chr1	73684894	73685411	518	*	20.5	12	0.237749339482384
chr1	73993026	73995202	2177	*	23.4642857142857	56	0.288822903211828
chr1	74047042	74047557	516	*	27.47	20	0.205234756015321
chr1	74091247	74091901	655	*	22.35	12	0.2309216771758
chr1	74161972	74162731	760	*	22.2571428571429	28	0.321989190336618
chr1	74835407	74836176	770	*	22.33125	32	0.298577836972442
chr1	74919589	74921733	2145	*	22.4183673469388	98	0.247984241529808
chr1	75334929	75335370	442	*	23.8285714285714	14	0.271825062882683
chr1	75478988	75483857	4870	*	22.878431372549	102	0.254528843625667
chr1	75882691	75883691	1001	*	18.4545454545455	22	0.299154405571701
chr1	76135661	76138006	2346	*	21.4703703703704	54	0.246754569867643
chr1	76482898	76483295	398	*	22.6083333333333	24	0.284031593446496
chr1	76918345	76920327	1983	*	22.0595238095238	84	0.322380211027366
chr1	76921812	76922248	437	*	25.12	20	0.385898567419019
chr1	76984341	76986191	1851	*	23.5190476190476	42	0.359967474918186
chr1	77256427	77257365	939	*	23.2142857142857	28	0.262539233357668
chr1	77319882	77320674	793	*	23.2375	32	0.392663825084455
chr1	77507719	77509561	1843	*	18.6352941176471	68	0.324007520072586
chr1	77587104	77588193	1090	*	24.13	80	0.208648527468742
chr1	77940902	77941418	517	*	23.57	20	0.244605199950477
chr1	78303334	78304909	1576	*	23.1357142857143	28	0.246013529457238
chr1	78499907	78501103	1197	*	22.74375	32	0.238388000253881
chr1	78925343	78926206	864	*	21.23	40	0.438295804723209
chr1	79292739	79293387	649	*	22.92	20	0.169826726328574
chr1	79612521	79612724	204	*	20.55	12	0.234718167258349
chr1	80079050	80079315	266	*	23.125	8	0.294254212726967
chr1	80172846	80173602	757	*	23.172	50	0.385591845448885
chr1	80185088	80186856	1769	*	21.325	56	0.196707309688828
chr1	80394299	80395827	1529	*	24.5555555555556	36	0.198878307413256
chr1	81016057	81019172	3116	*	21.4147058823529	68	0.299595636634594
chr1	81114212	81116189	1978	*	23.9257142857143	70	0.28088516082561
chr1	81657930	81659983	2054	*	20.492	100	0.383842035036271
chr1	82169763	82169807	45	*	21.2333333333333	6	0.290516568169531
chr1	83217077	83217219	143	*	23.95	8	0.367832407529402
chr1	83554235	83555186	952	*	21.4066666666667	30	0.287994091162559
chr1	83744982	83750243	5262	*	21.305	120	0.359302796045603
chr1	83794371	83795402	1032	*	20.8230769230769	26	0.422473829111632
chr1	83822335	83822812	478	*	24.64	20	0.225175001339552
chr1	83990996	83991559	564	*	23.875	24	0.205647941311436
chr1	84502160	84502567	408	*	20.025	64	0.242022530294101
chr1	84520561	84521386	826	*	23.8222222222222	18	0.427941705231241
chr1	84623960	84627252	3293	*	19.3944444444444	108	0.396374165785913
chr1	84699467	84699696	230	*	22.44	10	0.255276272784218
chr1	85059117	85063444	4328	*	22.2546875	256	0.252220614771846
chr1	85614985	85621849	6865	*	24.2584474885845	438	0.36524948074846
chr1	85888861	85889238	378	*	20.05	16	0.299909458078658
chr1	85940541	85940784	244	*	22.2666666666667	12	0.256662925176831
chr1	86036164	86036288	125	*	21.775	16	0.397953482297149
chr1	86223183	86223409	227	*	20.6	16	0.198924929981521
chr1	86424560	86424869	310	*	18.16	10	0.252560637557178
chr1	86432867	86433844	978	*	20.46	20	0.163299626694569
chr1	86978964	86980032	1069	*	23.3375	48	0.402651480778098
chr1	87221376	87222636	1261	*	22.3	50	0.299377393540451
chr1	88298713	88300000	1288	*	24.1	34	0.339117597174332
chr1	88383278	88383988	711	*	23	12	0.396079816637459
chr1	88703064	88703376	313	*	18.3666666666667	18	0.354944648759479
chr1	88896284	88898891	2608	*	21.7304347826087	92	0.327409452005546
chr1	89045447	89048378	2932	*	22.6733333333333	60	0.447506624055752
chr1	89181009	89182824	1816	*	23.8844827586207	116	0.354167458790294
chr1	91279991	91281075	1085	*	21.7285714285714	28	0.22271349610369
chr1	91764360	91766592	2233	*	19.9040816326531	98	0.363263122841269
chr1	91900238	91900960	723	*	20	22	0.22461525435274
chr1	92240202	92240721	520	*	21.4	12	0.205649354605956
chr1	92737346	92749054	11709	*	21.4581730769231	416	0.239414325230938
chr1	93337975	93338550	576	*	22.775	16	0.26646438016285
chr1	93495999	93499860	3862	*	23.4305555555556	72	0.271555988901118
chr1	93519030	93519725	696	*	21.775	8	0.137100870580174
chr1	93528267	93529986	1720	*	23.885	40	0.297047871387513
chr1	94042766	94050941	8176	*	22.2403433476395	466	0.280609975603279
chr1	94170607	94171693	1087	*	23.1277777777778	36	0.334668140547323
chr1	94363815	94364956	1142	*	24.55	56	0.278648948199427
chr1	94815669	94816006	338	*	22.3	12	0.348045641092124
chr1	94824360	94828017	3658	*	22.2513888888889	144	0.171141184295104
chr1	94903004	94903717	714	*	20.4764705882353	34	0.172799430854211
chr1	95237184	95238381	1198	*	21.9285714285714	28	0.362617482941507
chr1	95245703	95246148	446	*	22.675	8	0.161210713520298
chr1	95494704	95501687	6984	*	21.4509433962264	212	0.200887589386194
chr1	95575011	95575814	804	*	19.4666666666667	36	0.197884228778512
chr1	95967455	95969436	1982	*	23.3038461538462	52	0.261171291631505
chr1	97310425	97311344	920	*	19.8125	16	0.204013831325246
chr1	97603117	97605613	2497	*	21.9975	80	0.196411760855886
chr1	97857502	97861127	3626	*	19.075	96	0.176288127124275
chr1	98218454	98219363	910	*	21.4428571428571	28	0.357884977002911
chr1	98226655	98227447	793	*	22.23	20	0.191029653115465
chr1	98582307	98582536	230	*	19.5416666666667	24	0.205812461636935
chr1	98998300	98998704	405	*	20.4285714285714	28	0.400145672778395
chr1	99408355	99408665	311	*	22.57	20	0.280716796244728
chr1	99453006	99453115	110	*	22.175	8	0.225318618995278
chr1	99553978	99554012	35	*	19.95	8	0.319200529343026
chr1	99594450	99594890	441	*	23.725	16	0.32834694470198
chr1	100160549	100162632	2084	*	22.004	100	0.194130768424228
chr1	100400094	100403212	3119	*	21.7403846153846	104	0.373319818513011
chr1	100756365	100757645	1281	*	22.9875	48	0.391074992043241
chr1	101410314	101410524	211	*	21.05	12	0.236367437017321
chr1	101441914	101445048	3135	*	22.1206349206349	126	0.247556329123739
chr1	101473474	101474240	767	*	21.4833333333333	24	0.377636536092413
chr1	101749526	101751385	1860	*	21.2038461538462	52	0.224331752830366
chr1	101871286	101872034	749	*	24.0333333333333	12	0.362465734357527
chr1	101876345	101876372	28	*	21.75	8	0.404705754452072
chr1	102210214	102212119	1906	*	19.92	40	0.353350972612995
chr1	102232051	102232236	186	*	22.675	8	0.317684870765902
chr1	102264188	102267794	3607	*	21.2830188679245	106	0.458628094823158
chr1	102615986	102617989	2004	*	23.975	104	0.274050042847681
chr1	103002924	103004931	2008	*	22.7047619047619	42	0.436420975112252
chr1	103258135	103258552	418	*	20.2833333333333	12	0.45578155137469
chr1	103738124	103738483	360	*	19.625	8	0.225169766947913
chr1	104017651	104018075	425	*	23.7	12	0.302778652868163
chr1	104181801	104182850	1050	*	18.7571428571429	28	0.177393565570686
chr1	104212392	104214532	2141	*	23.1952380952381	126	0.399662832664821
chr1	104229771	104230014	244	*	20.75	12	0.403400043349665
chr1	104231051	104232049	999	*	18.8733333333333	30	0.347860757986452
chr1	104525097	104525389	293	*	18.8333333333333	12	0.177033630888161
chr1	104702081	104702740	660	*	20.75	16	0.286222260388109
chr1	104958808	104959303	496	*	20.1333333333333	12	0.415892096512796
chr1	105261003	105261786	784	*	19.39	20	0.316419936075652
chr1	105678335	105678416	82	*	19.7666666666667	12	0.249070488797989
chr1	105939194	105939200	7	*	22.1	6	0.367837392212163
chr1	106069115	106071656	2542	*	20.3774193548387	62	0.274646754742098
chr1	106145297	106145732	436	*	20.44	20	0.331175051443501
chr1	106398547	106400432	1886	*	21.0727272727273	66	0.288687631450869
chr1	106510717	106510857	141	*	20.4	8	0.342949558890735
chr1	106643252	106645144	1893	*	20.9727272727273	66	0.415201386694855
chr1	107225685	107228133	2449	*	21.1870967741935	62	0.386188607975624
chr1	107639884	107643430	3547	*	23.8425925925926	108	0.259835921321421
chr1	107816701	107817249	549	*	22.3625	16	0.362800015000774
chr1	108293805	108296224	2420	*	30.1016666666667	120	0.409384949739813
chr1	108455893	108460779	4887	*	18.2964912280702	114	0.365239643942868
chr1	109383493	109386764	3272	*	22.197619047619	84	0.289761924498711
chr1	110291033	110296100	5068	*	23.1834532374101	278	0.376584040771027
chr1	110851348	110860936	9589	*	22.8628048780488	328	0.207280543453471
chr1	110980946	110981755	810	*	20.6333333333333	24	0.334030949955996
chr1	111225557	111229992	4436	*	21.8564356435644	202	0.367644794855805
chr1	111314596	111314626	31	*	24.0333333333333	6	0.177154889831086
chr1	111352865	111354559	1695	*	20.9261904761905	84	0.305344758307849
chr1	112531487	112531564	78	*	22.45	12	0.385739549455117
chr1	112641611	112644522	2912	*	22.3826666666667	150	0.401405506469314
chr1	113089616	113092098	2483	*	23.1828125	128	0.30526557538437
chr1	114675992	114676301	310	*	22.525	16	0.212639529926542
chr1	114861112	114863962	2851	*	22.8421875	128	0.244055230436232
chr1	114925392	114925762	371	*	19.7166666666667	12	0.200615606626991
chr1	115243495	115244083	589	*	21.2222222222222	18	0.306766268534975
chr1	116163265	116165000	1736	*	23.7166666666667	48	0.210961846831363
chr1	117330824	117331324	501	*	21.225	16	0.402461159675769
chr1	117413128	117413559	432	*	22.13	20	0.364923891576258
chr1	118347056	118348046	991	*	20.1777777777778	18	0.250584757930357
chr1	118366686	118368171	1486	*	23.705	40	0.252096705988017
chr1	118516535	118518300	1766	*	21.6732142857143	112	0.379530169534895
chr1	118971659	118971916	258	*	23.9	8	0.365164341520923
chr1	119160662	119161280	619	*	23.8785714285714	28	0.357207844504453
chr1	119288901	119291506	2606	*	22.6444444444444	108	0.135439680578512
chr1	119537447	119540476	3030	*	21.0911111111111	90	0.263176774266654
chr1	119686718	119688553	1836	*	23.2363636363636	44	0.387254393032073
chr1	119892194	119899353	7160	*	23.3688888888889	450	0.236165372884511
chr1	119906554	119912189	5636	*	21.5865853658537	164	0.290046335802581
chr1	120171698	120172363	666	*	24.04375	32	0.346626718184234
chr1	120471525	120471560	36	*	20.55	8	0.338891429350204
chr1	120518550	120522277	3728	*	22.7467741935484	124	0.168611455236319
chr1	120600338	120601418	1081	*	16.7583333333333	24	0.403401698492635
chr1	121251752	121254614	2863	*	24.5352941176471	102	0.205729277477009
chr1	121325155	121326577	1423	*	23.4972222222222	72	0.292017586470475
chr1	143479208	143479486	279	*	22.175	8	0.248479424097019
chr1	144300262	144301281	1020	*	14.0166666666667	12	0.326631288101115
chr1	144706155	144709154	3000	*	39.8119047619048	84	0.345649611408779
chr1	145122415	145123143	729	*	19.8125	32	0.185946004373111
chr1	145528775	145529085	311	*	20.05	24	0.295455501533777
chr1	146908710	146914372	5663	*	23.391156462585	294	0.318486839978013
chr1	146928148	146928616	469	*	16.1	8	0.337218338348322
chr1	146947772	146950852	3081	*	16.8136363636364	44	0.375665837559636
chr1	148675405	148676272	868	*	17.1666666666667	36	0.291873986547688
chr1	149448589	149454253	5665	*	23.1488636363636	176	0.319687866792833
chr1	149572337	149572640	304	*	22.725	8	0.361792284719121
chr1	150701902	150702284	383	*	19.625	8	0.411096871468099
chr1	151870350	151873839	3490	*	17.8577777777778	90	0.241616401790523
chr1	151983805	151984371	567	*	25.88	20	0.190695082154115
chr1	151999412	152000206	795	*	22.87	20	0.262699007545514
chr1	152120910	152121147	238	*	22.3	8	0.403703861237763
chr1	152477697	152477761	65	*	19.05	8	0.367296043852374
chr1	152893303	152893648	346	*	20.6	12	0.278052491253622
chr1	153033906	153039246	5341	*	23.4306451612903	124	0.170945002476699
chr1	153234741	153236373	1633	*	23.8904761904762	42	0.390765833683149
chr1	154076008	154079525	3518	*	22.6222222222222	144	0.230512716923649
chr1	154186527	154187265	739	*	18.88	10	0.285007055607649
chr1	157009768	157011126	1359	*	22.00625	32	0.448386278153154
chr1	157635553	157635714	162	*	23.15	8	0.244362583870421
chr1	157867119	157867242	124	*	20.325	8	0.371745605448746
chr1	158161598	158162382	785	*	21.3	16	0.188345541539191
chr1	158164593	158164919	327	*	21.7833333333333	12	0.383650540658793
chr1	158201685	158201910	226	*	23.0875	16	0.28552784938094
chr1	158337403	158337418	16	*	25.15	8	0.201762425702957
chr1	159081277	159083052	1776	*	19.99	40	0.209355055789392
chr1	160369894	160371343	1450	*	19.5315789473684	190	0.246243095170025
chr1	160548338	160550836	2499	*	21.8510638297872	94	0.414678460990272
chr1	160650549	160651495	947	*	23.6888888888889	36	0.31361564456217
chr1	160897435	160898792	1358	*	22.2636363636364	22	0.42386770109156
chr1	160899587	160901860	2274	*	21.795652173913	92	0.242178418550374
chr1	161624890	161628230	3341	*	25.5819444444444	144	0.333466451078023
chr1	161928889	161929269	381	*	21.2166666666667	12	0.22517269994099
chr1	162564331	162564962	632	*	21.1875	32	0.446776748322177
chr1	162600173	162600217	45	*	21.95	8	0.351863798797917
chr1	162777803	162777962	160	*	20.6625	16	0.443084130352606
chr1	163201800	163202356	557	*	20.9285714285714	14	0.321679090060523
chr1	163248623	163248903	281	*	20.825	8	0.312137907993337
chr1	163430954	163431040	87	*	21.7	8	0.285201119332552
chr1	163522273	163522680	408	*	19.9555555555556	18	0.288766354668975
chr1	163599794	163600492	699	*	22.8375	16	0.371027294310403
chr1	163840454	163840589	136	*	22.275	16	0.315247066524989
chr1	164627382	164629376	1995	*	21.8882352941176	68	0.217919194253018
chr1	165240620	165243734	3115	*	22.9775862068966	116	0.172133833207269
chr1	165806442	165807275	834	*	22.352	50	0.272270310668147
chr1	165961100	165961194	95	*	22.175	8	0.39538204635168
chr1	167785076	167785150	75	*	18.4333333333333	12	0.28769987571781
chr1	168457214	168460455	3242	*	19.7340425531915	94	0.393946985046807
chr1	168469435	168470048	614	*	20.94375	32	0.281788230939913
chr1	169433673	169434919	1247	*	20.6357142857143	28	0.334692500930918
chr1	169594441	169596184	1744	*	21.66	40	0.386944160408282
chr1	169888349	169891665	3317	*	21.3295454545455	88	0.269084634418728
chr1	170055323	170056899	1577	*	20.3125	48	0.387838696206085
chr1	170220173	170224636	4464	*	23.5053571428571	112	0.319041936513223
chr1	170798914	170799264	351	*	22.6	12	0.298179302148248
chr1	171004038	171005653	1616	*	22.7555555555556	36	0.264660685118558
chr1	171496040	171496941	902	*	21.3368421052632	38	0.186737276558323
chr1	171983252	171986716	3465	*	20.8609756097561	82	0.249439108757799
chr1	172275769	172276390	622	*	20.8125	16	0.329224552360236
chr1	173200181	173201193	1013	*	21.46875	32	0.379333170537819
chr1	173350557	173350807	251	*	23.475	8	0.258627282066263
chr1	173699699	173700052	354	*	21.675	16	0.267595877421436
chr1	174242556	174244329	1774	*	24.1272727272727	44	0.26051788378467
chr1	176054229	176058731	4503	*	19.3656804733728	338	0.253895711604981
chr1	176119797	176128200	8404	*	22.5950819672131	244	0.30574550085006
chr1	176513541	176518357	4817	*	22.5676470588235	136	0.238775328352508
chr1	177440113	177440249	137	*	20.4	6	0.265939551602135
chr1	177865786	177865992	207	*	20.32	20	0.290085322017431
chr1	178057177	178060205	3029	*	22.5585714285714	140	0.329685933646267
chr1	178690554	178695409	4856	*	22.2227272727273	176	0.184524245364837
chr1	180639076	180639770	695	*	21.6571428571429	28	0.277771889140762
chr1	180779675	180783169	3495	*	24.7520833333333	96	0.417685320942905
chr1	181265610	181265788	179	*	22.975	8	0.226736142631555
chr1	181474486	181474806	321	*	18.925	16	0.184149223027486
chr1	181611973	181614191	2219	*	20.1375	48	0.36982470861745
chr1	181880841	181881547	707	*	21.1333333333333	24	0.226620950938043
chr1	182189652	182191395	1744	*	21.65	40	0.26531691883429
chr1	182309654	182314490	4837	*	21.2691489361702	188	0.34210455615709
chr1	182697375	182702637	5263	*	21.068085106383	282	0.217423480890227
chr1	183384159	183384556	398	*	21.8071428571429	28	0.375617706616362
chr1	183399205	183403612	4408	*	23.5911764705882	136	0.240987774296831
chr1	183439322	183439582	261	*	21.0833333333333	12	0.305343648068007
chr1	183609020	183609792	773	*	23.0933333333333	30	0.368906688821639
chr1	184697990	184699429	1440	*	21.575	24	0.239586221637586
chr1	185180948	185181193	246	*	23.3166666666667	24	0.307899938056006
chr1	186296138	186297203	1066	*	19.4526315789474	38	0.297923428123426
chr1	187626921	187628453	1533	*	20.1863636363636	44	0.368510719428406
chr1	187710870	187712039	1170	*	21.15625	32	0.33741816315116
chr1	188253231	188259260	6030	*	20.2179487179487	156	0.296013831891129
chr1	188417707	188419934	2228	*	21.565	160	0.318719553268805
chr1	188519465	188520199	735	*	22.8	32	0.398197940704569
chr1	188550956	188552915	1960	*	21.5777777777778	36	0.235749469693738
chr1	188597681	188599430	1750	*	22.05	44	0.395489360024538
chr1	188969143	188969910	768	*	23.6122448979592	98	0.415986621380116
chr1	189001406	189002028	623	*	21.42	20	0.276415705969598
chr1	189799271	189799857	587	*	21.3333333333333	12	0.392385476699791
chr1	190055161	190055185	25	*	22.15	8	0.316954145981777
chr1	190516176	190516320	145	*	20.7	8	0.312591608152008
chr1	192283905	192285773	1869	*	20.4592592592593	54	0.204791504023011
chr1	192299631	192300427	797	*	21.6	16	0.270086332563663
chr1	192334868	192338502	3635	*	23.0759259259259	108	0.176115637746475
chr1	193173270	193174152	883	*	21.2583333333333	24	0.350854274473276
chr1	194145827	194147300	1474	*	19.37	20	0.308544673154461
chr1	194307658	194308809	1152	*	22.075	40	0.312645574458674
chr1	194518632	194518664	33	*	25.325	8	0.265034947010655
chr1	194667635	194670615	2981	*	23.1413793103448	116	0.371091895386638
chr1	194856060	194856925	866	*	23.3125	16	0.288148876141066
chr1	195595709	195597717	2009	*	23.6153846153846	52	0.175494530852874
chr1	195932241	195933043	803	*	24.14	20	0.327346451113858
chr1	196013006	196013065	60	*	21.2333333333333	12	0.207754816315154
chr1	196076660	196077193	534	*	20.91	20	0.23407908436646
chr1	196289513	196289592	80	*	21.1	12	0.253665731811685
chr1	196692190	196694705	2516	*	20.7934782608696	92	0.321730328535315
chr1	197195581	197196439	859	*	21.3272727272727	22	0.195859917930543
chr1	197674127	197674496	370	*	21.3875	16	0.433450776790259
chr1	198453981	198456379	2399	*	11.8857142857143	28	0.202869642603922
chr1	198999177	199000553	1377	*	21.1416666666667	48	0.156372158166341
chr1	199235386	199235423	38	*	22.26	10	0.345849583604804
chr1	199320361	199320653	293	*	22.375	8	0.287522344789397
chr1	199418233	199419254	1022	*	19.9555555555556	36	0.37126953273324
chr1	199429926	199430180	255	*	24.45	8	0.20998216186475
chr1	200818894	200822438	3545	*	24.3290322580645	124	0.233377534101186
chr1	200822986	200824180	1195	*	23.12	20	0.368178412371865
chr1	201798921	201798992	72	*	19.925	8	0.304680457016864
chr1	204414549	204416173	1625	*	24.055	40	0.265478309336326
chr1	205855394	205855799	406	*	26.1833333333333	12	0.214635440368062
chr1	205860788	205861830	1043	*	23.83	20	0.286114375056018
chr1	207358450	207366776	8327	*	22.2	178	0.318940762476019
chr1	207920154	207924447	4294	*	23.9519480519481	154	0.354045253956676
chr1	208110491	208112822	2332	*	21.1520833333333	96	0.287767045508316
chr1	208166702	208175275	8574	*	23.2035211267606	284	0.306869196227831
chr1	208247809	208248665	857	*	20.225	48	0.223877742057649
chr1	208867618	208869642	2025	*	19.4361111111111	72	0.300117378608358
chr1	210026477	210027597	1121	*	22.5916666666667	24	0.341720907402178
chr1	210441657	210445386	3730	*	22.7071428571429	112	0.367118023278594
chr1	210970288	210971668	1381	*	23.1807692307692	52	0.192096538604122
chr1	211023035	211025001	1967	*	20.8064516129032	62	0.252744918091762
chr1	211177910	211178269	360	*	21.0625	16	0.403640519409762
chr1	211272459	211274349	1891	*	22.1533333333333	120	0.444765755863225
chr1	212538230	212539286	1057	*	21.2852941176471	68	0.187951408282348
chr1	213221315	213221539	225	*	23.5	16	0.330325004919694
chr1	213521382	213523239	1858	*	22.9384615384615	26	0.281762904630224
chr1	213643969	213644465	497	*	24.725	8	0.260714521510276
chr1	213698957	213700486	1530	*	23.3875	32	0.346867826805098
chr1	214041258	214041395	138	*	23.025	8	0.188686087947626
chr1	215945022	215945137	116	*	22.05	8	0.386088076356174
chr1	216078182	216079245	1064	*	19.3307692307692	26	0.344094029594691
chr1	216686312	216690702	4391	*	21.913698630137	146	0.32225327328393
chr1	216770527	216770838	312	*	20.5666666666667	12	0.269816728843109
chr1	217461962	217463396	1435	*	20.1	30	0.363552402403779
chr1	217527301	217528887	1587	*	23.3277777777778	36	0.192528015475896
chr1	217883250	217883573	324	*	19.025	8	0.286884267769566
chr1	218386016	218386402	387	*	21.5333333333333	12	0.239878193937277
chr1	219266383	219266801	419	*	20.3333333333333	12	0.369148357107929
chr1	219683537	219687767	4231	*	20.0109090909091	110	0.418231940557105
chr1	219988387	219988717	331	*	18.5625	16	0.234880383128842
chr1	220256192	220256296	105	*	22.7666666666667	12	0.265790582309768
chr1	220568383	220568505	123	*	20.15	8	0.261799640012713
chr1	220956731	220957596	866	*	22.69	20	0.349647012800926
chr1	221261580	221265132	3553	*	21.2574257425743	202	0.228555751781476
chr1	221430266	221430434	169	*	22.475	16	0.353788909036574
chr1	221493038	221493177	140	*	23.175	8	0.169198721783003
chr1	222038307	222038442	136	*	20.525	16	0.380449566513199
chr1	222848231	222848706	476	*	22.5416666666667	24	0.37798842111154
chr1	223239312	223241914	2603	*	22.1029411764706	68	0.417342695198484
chr1	224001529	224001982	454	*	20.25	16	0.173152987597389
chr1	224602811	224602908	98	*	19.4	8	0.311428321047093
chr1	224903774	224906926	3153	*	22.2404761904762	84	0.2468603102903
chr1	225606227	225608803	2577	*	21.4030769230769	130	0.313316065462797
chr1	231739156	231744239	5084	*	21.6027397260274	146	0.240583861512078
chr1	232324598	232325586	989	*	21.5285714285714	28	0.39931910980322
chr1	233490434	233494847	4414	*	21.7283783783784	148	0.27705009442475
chr1	233895151	233895634	484	*	23.575	16	0.345987525150452
chr1	235823169	235823928	760	*	22.5722222222222	36	0.398367352737735
chr1	235844558	235849725	5168	*	21.1722222222222	180	0.35317588737228
chr1	236222943	236223415	473	*	20.55	20	0.323474178534567
chr1	237147495	237157750	10256	*	23.4304347826087	322	0.312133581837638
chr1	237469847	237471290	1444	*	23.075	40	0.228466340098503
chr1	237629095	237630017	923	*	23.09375	32	0.299436539050219
chr1	237970705	237972361	1657	*	20.3	64	0.227628595719142
chr1	238456975	238457522	548	*	22.5083333333333	24	0.36689973133574
chr1	239096340	239096828	489	*	24.06	10	0.202105674156751
chr1	239417193	239418118	926	*	18.2157894736842	38	0.231581009987684
chr1	239695862	239698742	2881	*	21.6857142857143	70	0.2632409456948
chr1	239730415	239731514	1100	*	21.9857142857143	28	0.362437818440121
chr1	241215351	241216599	1249	*	24.5659090909091	88	0.294711050462872
chr1	241752540	241755315	2776	*	20.4386363636364	88	0.414589073906784
chr1	242833363	242835964	2602	*	22.2294117647059	68	0.281504775435805
chr1	243399410	243400051	642	*	11.6416666666667	24	0.229335983518311
chr1	244446777	244449299	2523	*	21.2375	64	0.282522322460712
chr1	246254933	246254953	21	*	20.675	8	0.403501044989191
chr1	247705887	247708576	2690	*	24.1146341463415	82	0.342860691794108
chr1	248066271	248067010	740	*	23.3	12	0.306072957204816
chr1	248683759	248684442	684	*	20.0851851851852	54	0.177031382412459
chr2	113401	114871	1471	*	22.1794117647059	68	0.358246670553771
chr2	2402020	2403884	1865	*	22.9583333333333	72	0.277642112416183
chr2	4265144	4265301	158	*	20.5666666666667	12	0.269910919149719
chr2	4314741	4315460	720	*	20.5857142857143	14	0.348067259296859
chr2	5023850	5031010	7161	*	20.8978417266187	278	0.354853297362419
chr2	5580510	5581193	684	*	25.1	12	0.444097996450502
chr2	5799308	5799529	222	*	21.45	12	0.272098374723067
chr2	6108869	6110295	1427	*	21.4875	32	0.217751626380921
chr2	6201548	6203601	2054	*	23.3363636363636	88	0.24902721362135
chr2	6705646	6706113	468	*	20.6375	16	0.168095117027754
chr2	6817475	6819352	1878	*	23.6372093023256	86	0.237103199643294
chr2	8058805	8058873	69	*	18.625	8	0.312887699589286
chr2	8833592	8835057	1466	*	22.2705882352941	68	0.311153576012951
chr2	11314311	11314507	197	*	21.675	8	0.235078731544951
chr2	11646672	11648412	1741	*	21.3184210526316	76	0.322759315795834
chr2	12871749	12877000	5252	*	22.2164556962025	316	0.35465089079003
chr2	13120203	13123124	2922	*	19.1510638297872	94	0.340183324009383
chr2	13665865	13667134	1270	*	22.7	32	0.421453189126677
chr2	13783519	13788140	4622	*	22.4348314606742	178	0.182247336460368
chr2	13913364	13913428	65	*	22.4	6	0.257978739759557
chr2	14639577	14640157	581	*	18.3	18	0.151446114420992
chr2	14686222	14688918	2697	*	20.9892857142857	56	0.306778086354782
chr2	14743771	14744427	657	*	21.65	20	0.246782022022397
chr2	14832549	14834270	1722	*	20.7653846153846	52	0.291198624749425
chr2	15226434	15226857	424	*	22.4166666666667	12	0.346592383708994
chr2	15337866	15338165	300	*	22.2833333333333	12	0.325322225488174
chr2	15883944	15884952	1009	*	22.8130434782609	46	0.361823018205435
chr2	16944631	16946099	1469	*	20.9111111111111	36	0.267628778103342
chr2	17309494	17311921	2428	*	23.9259259259259	54	0.334024607922255
chr2	17405271	17405446	176	*	21.15	12	0.299277339130944
chr2	19592889	19595755	2867	*	21.6272727272727	66	0.293157065008014
chr2	20795847	20795936	90	*	22.7333333333333	6	0.225605775934111
chr2	21105134	21106919	1786	*	21.1936170212766	94	0.273229958891438
chr2	21856594	21857228	635	*	21.8	16	0.280994243446615
chr2	22051027	22052753	1727	*	18.0125	48	0.416471377498852
chr2	22643590	22643903	314	*	22.1	14	0.333604808376647
chr2	22652307	22652767	461	*	22.3	12	0.23078469062041
chr2	22818087	22818465	379	*	23.0125	16	0.276104144349087
chr2	23445399	23455025	9627	*	20.9106382978723	376	0.169373584543781
chr2	24711915	24712419	505	*	19.4666666666667	12	0.256450927771157
chr2	25768334	25775649	7316	*	22.3155778894472	398	0.403031475517382
chr2	26109787	26113553	3767	*	24.1922077922078	154	0.251186375495822
chr2	27955485	27957068	1584	*	19.8294117647059	34	0.389917097472757
chr2	30916221	30921925	5705	*	22.3239669421488	242	0.312797775538835
chr2	32415174	32422270	7097	*	22.9379032258065	248	0.273893031195566
chr2	33266006	33267063	1058	*	20.3620689655172	58	0.30533608597941
chr2	34079233	34079887	655	*	19.9307692307692	26	0.234909763179609
chr2	35002057	35002356	300	*	21.7	8	0.249732601507109
chr2	35975005	35977595	2591	*	20.525	48	0.378281770446601
chr2	36926904	36927337	434	*	21.7142857142857	28	0.248790045596262
chr2	37113006	37114055	1050	*	19.6529411764706	34	0.191866554435166
chr2	37258203	37259325	1123	*	21.9777777777778	36	0.246850322037358
chr2	37355618	37360048	4431	*	20.7184782608696	184	0.297376451512033
chr2	37565849	37566955	1107	*	22.82	40	0.323275662243281
chr2	37815425	37818008	2584	*	23.1489583333333	192	0.254903051383235
chr2	37886949	37889425	2477	*	21.9048387096774	124	0.359929203281704
chr2	39933202	39933741	540	*	25.725	16	0.370718909050879
chr2	40111280	40121471	10192	*	22.7433962264151	318	0.411827460089928
chr2	40308207	40308751	545	*	22.59	20	0.217491873358558
chr2	40365236	40365819	584	*	19.53	20	0.324481074760327
chr2	40422987	40423001	15	*	22.7	8	0.31663496188696
chr2	40923079	40923573	495	*	22.4785714285714	28	0.337729121673689
chr2	41367855	41370889	3035	*	22.0739130434783	92	0.292748006281945
chr2	41581794	41583168	1375	*	23.8863636363636	44	0.417905607156573
chr2	43060837	43062040	1204	*	21.4315789473684	38	0.292628356721707
chr2	44182023	44185454	3432	*	24.1557142857143	140	0.208952011399112
chr2	44857558	44858763	1206	*	21.4875	32	0.254992573048901
chr2	46711377	46713225	1849	*	23.605	80	0.255747026230241
chr2	47854105	47856869	2765	*	21.5911111111111	90	0.304237509409183
chr2	48216333	48216918	586	*	23.63125	32	0.379284073565123
chr2	49538483	49541593	3111	*	22.3892857142857	56	0.417346757893309
chr2	49763260	49764185	926	*	20.2214285714286	56	0.326859298457312
chr2	50089301	50093705	4405	*	20.2333333333333	132	0.345387571049507
chr2	50140370	50144790	4421	*	19.0771929824561	114	0.354535984866739
chr2	50717515	50723839	6325	*	19.9246913580247	162	0.317361115166172
chr2	50756561	50761462	4902	*	20.9716216216216	148	0.283976271565763
chr2	50970392	50971833	1442	*	24.6769230769231	52	0.427214336116291
chr2	51003324	51003379	56	*	19.55	12	0.377417108399174
chr2	51189969	51191431	1463	*	23.4181818181818	44	0.332661388042177
chr2	51236419	51237162	744	*	22.0875	16	0.288647962615547
chr2	51338415	51338713	299	*	19.95	8	0.182933646629667
chr2	51395037	51395579	543	*	23.35	28	0.356648846154481
chr2	52398214	52398791	578	*	24.575	16	0.281377460950165
chr2	52756150	52758916	2767	*	23.2833333333333	84	0.206928027707015
chr2	52933128	52937952	4825	*	21.304	100	0.246938565312629
chr2	53169807	53174303	4497	*	19.9982456140351	114	0.276281749473269
chr2	53265885	53266191	307	*	20.8333333333333	12	0.267061113469612
chr2	54408037	54408471	435	*	19.85	28	0.207607603386255
chr2	54514004	54515097	1094	*	21.5272727272727	44	0.35015317681191
chr2	54888897	54891335	2439	*	22.4	66	0.236313480997181
chr2	55392988	55393583	596	*	21.5875	32	0.332557839980982
chr2	56569354	56571270	1917	*	21.9592592592593	54	0.417993429150658
chr2	56850704	56852919	2216	*	20.0423076923077	52	0.268488428060091
chr2	57450679	57451552	874	*	21.08125	32	0.233547034633474
chr2	57772615	57774746	2132	*	20.825	64	0.419635562780851
chr2	58515387	58515493	107	*	20.275	8	0.271161184119793
chr2	58763371	58763649	279	*	21.1875	16	0.25422359836333
chr2	58839507	58840174	668	*	18.7	16	0.265551602862348
chr2	59550801	59553939	3139	*	20.4728813559322	118	0.433110460665716
chr2	59670963	59672402	1440	*	21.24	40	0.369456347596792
chr2	59744749	59745155	407	*	20.4625	16	0.176255348319349
chr2	60762417	60764844	2428	*	21.7516666666667	120	0.262024023726371
chr2	61975835	61976117	283	*	18.5875	16	0.414685143379746
chr2	62658238	62661432	3195	*	22.4617647058824	68	0.304540657945837
chr2	62980108	62981272	1165	*	21.1535714285714	56	0.207729201191909
chr2	63378094	63378359	266	*	22.525	8	0.244552440218022
chr2	63378914	63379874	961	*	21.14375	32	0.169931059771114
chr2	63774822	63777427	2606	*	25.7166666666667	60	0.418255184485262
chr2	64348505	64349600	1096	*	19.875	32	0.309429935516867
chr2	64528162	64528329	168	*	19.2	6	0.289938342973363
chr2	64929707	64930160	454	*	20.425	16	0.350220387131881
chr2	65921624	65924123	2500	*	19.3878787878788	66	0.402683798347906
chr2	66123447	66126151	2705	*	21.5796875	128	0.301247831034508
chr2	66721329	66721562	234	*	24.2	12	0.257968122515687
chr2	68055895	68059199	3305	*	20.641935483871	124	0.269201233168362
chr2	68287493	68295173	7681	*	23.0984496124031	258	0.167898833945451
chr2	68845109	68845258	150	*	20.3	8	0.443998825952239
chr2	69322894	69324408	1515	*	22.4138888888889	72	0.409927283169237
chr2	69930906	69933178	2273	*	25.3972222222222	72	0.24963009398764
chr2	70296052	70296101	50	*	24.575	8	0.369672946455851
chr2	70423005	70426485	3481	*	20.6907407407407	108	0.36147763088794
chr2	70484431	70487260	2830	*	23.3616666666667	120	0.226532792152503
chr2	70712860	70719366	6507	*	20.5608333333333	240	0.291440784202043
chr2	71223150	71224685	1536	*	23.3862068965517	58	0.384582084290574
chr2	72202772	72206245	3474	*	22.0566666666667	120	0.444773118101044
chr2	75118766	75122296	3531	*	22.8459459459459	148	0.367598904604846
chr2	75379593	75381316	1724	*	21.8692307692308	78	0.263126157827771
chr2	76038631	76039042	412	*	20.7375	16	0.332418644664654
chr2	76052665	76054498	1834	*	22.35	68	0.308613132218283
chr2	76330400	76337901	7502	*	23.1431034482759	232	0.367391021706071
chr2	76380549	76380911	363	*	25.23	20	0.351594619199052
chr2	76711393	76712570	1178	*	22.6625	32	0.330643802653334
chr2	76743438	76743480	43	*	23.5	12	0.38105462129513
chr2	77514796	77516509	1714	*	23.74375	32	0.209369906443236
chr2	77760230	77762989	2760	*	19.840625	64	0.345733326233249
chr2	77828232	77828829	598	*	22.1333333333333	12	0.377013358615852
chr2	77868461	77871933	3473	*	22.2931818181818	88	0.343932892887165
chr2	78307994	78310046	2053	*	21.6235294117647	34	0.413866664879027
chr2	78368493	78368710	218	*	21.375	8	0.303550455548819
chr2	78414386	78415011	626	*	21.4833333333333	12	0.257155642194152
chr2	78508526	78508698	173	*	21.16	10	0.205772341847635
chr2	79400310	79400559	250	*	19.6666666666667	12	0.288580794479196
chr2	79585739	79590706	4968	*	20.0139240506329	158	0.331046321911686
chr2	79747173	79748134	962	*	22.825	40	0.19823542662805
chr2	79935151	79937926	2776	*	21.8446808510638	94	0.431101932226269
chr2	80848757	80849628	872	*	24.8944444444444	36	0.218907748749624
chr2	81364741	81369075	4335	*	21.8490909090909	110	0.281836078421628
chr2	81477764	81478653	890	*	22.9	28	0.298932632493884
chr2	81673615	81673757	143	*	20.35	12	0.321889745763644
chr2	81827066	81827830	765	*	23.2666666666667	18	0.270907278207676
chr2	84090906	84091355	450	*	21.4714285714286	14	0.355232015494429
chr2	85803909	85804251	343	*	22.805	40	0.220739150818847
chr2	86740014	86742263	2250	*	22.9295454545455	88	0.357664181110803
chr2	87724242	87727441	3200	*	22.235	120	0.321851274608433
chr2	88903910	88906467	2558	*	21.7272727272727	66	0.303512649866218
chr2	88915157	88915757	601	*	20.61	20	0.317210722210166
chr2	88930330	88930651	322	*	22.4166666666667	12	0.206587409736515
chr2	89217838	89219348	1511	*	22.524	50	0.309474778748214
chr2	89667541	89669277	1737	*	42.0684210526316	76	0.247367033711418
chr2	90104058	90105828	1771	*	24.4181818181818	66	0.193133498041091
chr2	90223387	90223506	120	*	20.9	8	0.163533766910648
chr2	91868894	91869810	917	*	59.56875	32	0.29342908173124
chr2	94651319	94652731	1413	*	17.4315789473684	76	0.277130414168323
chr2	94951363	94957848	6486	*	23.6962264150943	212	0.377905919920553
chr2	95554147	95558167	4021	*	23.5857142857143	168	0.414267833214684
chr2	97124542	97124741	200	*	19.475	16	0.287314430780267
chr2	97576898	97578141	1244	*	20.8272727272727	22	0.327745929979664
chr2	97744930	97746569	1640	*	23.297619047619	84	0.196461159480156
chr2	98141975	98143876	1902	*	20.7021739130435	92	0.381928970017146
chr2	98525632	98526155	524	*	20.7125	16	0.355982306004162
chr2	98961653	98963752	2100	*	20.3538461538462	52	0.198611871894076
chr2	99072921	99073007	87	*	20.6	8	0.287147755943435
chr2	99118221	99121113	2893	*	23.7659090909091	88	0.217089987690411
chr2	100906348	100915747	9400	*	20.8934523809524	336	0.328677592249314
chr2	102874290	102880643	6354	*	21.6458646616541	266	0.167029241256846
chr2	104224505	104226753	2249	*	22.6760869565217	92	0.436127021854371
chr2	104335674	104340975	5302	*	22.5992424242424	264	0.297799048256289
chr2	104751651	104752901	1251	*	20.4028571428571	70	0.261115737710031
chr2	105041649	105042309	661	*	19.7444444444444	18	0.283671495511127
chr2	105060367	105061822	1456	*	22.585	120	0.300878258505928
chr2	106305894	106307359	1466	*	24.2111111111111	36	0.266564973711321
chr2	106328910	106329378	469	*	23.1777777777778	18	0.317190509721204
chr2	107225449	107226450	1002	*	20.4571428571429	28	0.236378265703202
chr2	107526714	107531675	4962	*	21.969696969697	132	0.235163798967962
chr2	108124161	108130550	6390	*	23.3175675675676	148	0.199585617139865
chr2	108396380	108398614	2235	*	21.9705882352941	102	0.330520134304547
chr2	109426992	109431737	4746	*	21.8253246753247	308	0.280114503416995
chr2	110112959	110117130	4172	*	24.2666666666667	456	0.187407211850626
chr2	110567426	110569098	1673	*	24.8133333333333	60	0.339570182857719
chr2	110655794	110655862	69	*	20.1	6	0.432729160696449
chr2	110997722	110998534	813	*	21.615	40	0.375067538389665
chr2	112196504	112197225	722	*	25.52	20	0.180780164284069
chr2	112900864	112901354	491	*	22.5391304347826	46	0.306744316899095
chr2	113040893	113042496	1604	*	22.5444444444444	54	0.427500681736112
chr2	113113744	113120256	6513	*	21.0438596491228	228	0.222269289638244
chr2	113763208	113763565	358	*	20.98	20	0.23296424147086
chr2	114838406	114838656	251	*	22.3363636363636	22	0.439070633449272
chr2	116103962	116104434	473	*	21.4357142857143	28	0.391967247016173
chr2	116547760	116548096	337	*	23.25	12	0.230944181600833
chr2	116766528	116767110	583	*	22.8625	16	0.338958399815606
chr2	117008523	117009195	673	*	23.29	20	0.294694834991521
chr2	117083918	117084122	205	*	24.825	8	0.254909049309215
chr2	117424255	117424668	414	*	22.3357142857143	28	0.258654548623237
chr2	118063732	118065178	1447	*	17.995	40	0.391238145972742
chr2	119079956	119080426	471	*	21.125	8	0.248090393184681
chr2	119103608	119105055	1448	*	21.15	28	0.268664951722096
chr2	119552902	119554101	1200	*	19.3851851851852	54	0.255736783795067
chr2	119565749	119567095	1347	*	21.1533333333333	60	0.407376473097669
chr2	121000576	121001459	884	*	21.1888888888889	36	0.173574825718738
chr2	121479098	121483182	4085	*	20.7430379746835	158	0.35409462758036
chr2	121856438	121861523	5086	*	24.55	128	0.242423845185246
chr2	122933081	122933582	502	*	19.3125	16	0.360327580268124
chr2	123436230	123436761	532	*	22.96	10	0.22265286881118
chr2	124281302	124282385	1084	*	22.025	56	0.402801015928108
chr2	124755620	124758949	3330	*	23.0368421052632	76	0.223958819659145
chr2	125022345	125022379	35	*	18.3	12	0.256842691251889
chr2	125141079	125141346	268	*	20.05	12	0.323405898381971
chr2	125184868	125186173	1306	*	21.5388888888889	36	0.244995625699734
chr2	125202662	125205028	2367	*	18.6857142857143	70	0.316854973160529
chr2	125338258	125340600	2343	*	20.19	60	0.287102821403677
chr2	125750010	125751148	1139	*	23.6785714285714	56	0.234377664635891
chr2	126127884	126127917	34	*	21.825	8	0.332737201704785
chr2	126231992	126239077	7086	*	20.66	270	0.291800567587541
chr2	126966951	126967292	342	*	20.6	8	0.348714857496791
chr2	128853428	128853870	443	*	22.4857142857143	14	0.267898001203734
chr2	129651242	129652200	959	*	20.2047619047619	42	0.389957764799691
chr2	129851062	129851091	30	*	23.65	8	0.326643117633069
chr2	130100786	130101736	951	*	23.3416666666667	24	0.367817039516118
chr2	130890430	130895296	4867	*	22.856	250	0.29812201566173
chr2	131393315	131402133	8819	*	21.2734782608696	460	0.228924201186445
chr2	132064299	132065608	1310	*	22.3384615384615	26	0.185260660459635
chr2	132204771	132208466	3696	*	25.4765625	128	0.387387183981547
chr2	132372298	132373910	1613	*	23.34	50	0.335089513325162
chr2	133519784	133520267	484	*	23.3913043478261	46	0.297874411725745
chr2	134474836	134474917	82	*	22.5	12	0.194767157638503
chr2	134711808	134713906	2099	*	20.7431818181818	88	0.218135142658441
chr2	134925276	134926749	1474	*	22.235	40	0.313870988184315
chr2	135469573	135471718	2146	*	19.7	180	0.25051280186369
chr2	136312201	136313931	1731	*	19.4388888888889	36	0.290166857486896
chr2	136461944	136462283	340	*	18.8428571428571	14	0.372333783957154
chr2	137444842	137445145	304	*	24.7	12	0.295074454246374
chr2	138288046	138289343	1298	*	23.8081632653061	98	0.367816410825494
chr2	138421362	138421508	147	*	20.8833333333333	12	0.234364785530743
chr2	138505522	138506419	898	*	22.5428571428571	28	0.176477927636819
chr2	138565802	138566213	412	*	19.9391304347826	46	0.281751255743496
chr2	138727292	138732764	5473	*	21.5	106	0.168170532281525
chr2	139031156	139031710	555	*	26.6875	16	0.313113835702205
chr2	139183040	139185132	2093	*	20.1428571428571	56	0.367203363923888
chr2	139290024	139291307	1284	*	23.1772727272727	44	0.366512075277599
chr2	139549426	139549813	388	*	22.4166666666667	12	0.309120732634427
chr2	139631041	139631469	429	*	22.25	12	0.341303429397206
chr2	139874293	139878100	3808	*	21.3964285714286	112	0.273951802474873
chr2	140093522	140094240	719	*	21.27	20	0.395792619834105
chr2	140247979	140249146	1168	*	18.2833333333333	36	0.140020419235571
chr2	140565080	140565157	78	*	22.575	8	0.326205346462456
chr2	140685613	140685985	373	*	21.0333333333333	12	0.435614837179827
chr2	141906297	141908241	1945	*	20.4904761904762	42	0.248139412806496
chr2	141934695	141934772	78	*	20.325	16	0.382707210953315
chr2	142724727	142724929	203	*	21.15	8	0.229460478747182
chr2	143121033	143121145	113	*	21.6	8	0.392702318459759
chr2	143201024	143202939	1916	*	23.5862068965517	58	0.214828203454037
chr2	143471889	143476086	4198	*	23.7944444444444	108	0.303617572126242
chr2	143597424	143597499	76	*	23.4	8	0.330642349624082
chr2	143886322	143893901	7580	*	20.1006060606061	330	0.309734701823636
chr2	143902526	143903688	1163	*	22.9928571428571	28	0.252523324202592
chr2	144887177	144887183	7	*	17.975	8	0.352484001765185
chr2	145084381	145085713	1333	*	20.9909090909091	44	0.290233108333703
chr2	145182667	145183228	562	*	21.8583333333333	24	0.372871135443231
chr2	145296824	145297608	785	*	20.85625	32	0.209770423946312
chr2	145327575	145330024	2450	*	20.18	80	0.291108333241515
chr2	145376424	145377537	1114	*	22.0148148148148	54	0.209776909607077
chr2	145604037	145606722	2686	*	21.224	50	0.212766921543695
chr2	145622288	145624752	2465	*	20.475	72	0.182474218791273
chr2	146471045	146471256	212	*	20.875	16	0.275900895300251
chr2	146494612	146494929	318	*	22.3166666666667	12	0.384971895105649
chr2	146628192	146628337	146	*	20.5	8	0.37964780131976
chr2	146658791	146660610	1820	*	22.1	32	0.416353846289158
chr2	146671969	146673408	1440	*	20.4642857142857	28	0.28777573466553
chr2	146940065	146941076	1012	*	21.7214285714286	28	0.378907385965837
chr2	147909520	147910119	600	*	20.625	32	0.243667129494253
chr2	148130259	148131460	1202	*	25	32	0.260747668410805
chr2	148273208	148273545	338	*	21.25	12	0.31553294339146
chr2	149187530	149187855	326	*	22.1285714285714	28	0.206476105073185
chr2	149825364	149826808	1445	*	23.7736842105263	38	0.28309686292938
chr2	150028442	150028842	401	*	20.6166666666667	12	0.409644708716919
chr2	151122720	151123154	435	*	23.7166666666667	24	0.38131691087536
chr2	151668872	151671215	2344	*	21.0932203389831	118	0.360487839725877
chr2	152533429	152537518	4090	*	20.5269230769231	104	0.244709324058792
chr2	152667258	152671329	4072	*	25.0352941176471	136	0.226560666930467
chr2	152671945	152677192	5248	*	23.3175	160	0.302255295878139
chr2	153254679	153257417	2739	*	22.1342857142857	210	0.363019164064033
chr2	153416379	153416784	406	*	19.4	8	0.17750450077814
chr2	153420890	153422329	1440	*	19.665625	64	0.203224027667107
chr2	153485232	153487713	2482	*	21.0731707317073	82	0.413714029538588
chr2	153658743	153658917	175	*	22.25	8	0.24276607103971
chr2	154002826	154002839	14	*	20.35	8	0.407928780255946
chr2	154774977	154777823	2847	*	22.4689655172414	116	0.187505673099708
chr2	154992606	154993897	1292	*	21.7526315789474	38	0.441086544795168
chr2	155628268	155629000	733	*	20	16	0.346458567549014
chr2	155998174	156001013	2840	*	20.6428571428571	56	0.255619955631182
chr2	156087223	156088903	1681	*	22.595	40	0.436535162009666
chr2	156198780	156199363	584	*	22.85	12	0.362403678221393
chr2	156238347	156238769	423	*	22.575	8	0.146914876913153
chr2	156241917	156243866	1950	*	22.6705882352941	68	0.166714943985597
chr2	156756188	156756492	305	*	24.05	8	0.347977471923172
chr2	156818278	156819527	1250	*	21.744	50	0.286857784767333
chr2	157045781	157047382	1602	*	22.7307692307692	52	0.385067884620029
chr2	157305732	157306457	726	*	21.2230769230769	26	0.354735030688919
chr2	157325159	157325660	502	*	22.99375	32	0.340681107224646
chr2	157326456	157328864	2409	*	23.7787234042553	94	0.338391605852374
chr2	157358438	157361309	2872	*	24.09375	64	0.209595835919257
chr2	157542698	157543308	611	*	23.1142857142857	28	0.321685295414519
chr2	158113042	158119777	6736	*	20.6960396039604	202	0.441260139716671
chr2	158381282	158383294	2013	*	26.2325	80	0.377089415180288
chr2	158615684	158617253	1570	*	19.8857142857143	56	0.292645208599239
chr2	159485951	159486561	611	*	20.3875	16	0.202727399166822
chr2	159959367	159960428	1062	*	22.08	40	0.355663198856543
chr2	159983047	159984014	968	*	24.4133333333333	30	0.235186702860581
chr2	160664524	160667243	2720	*	23.5967741935484	62	0.306580207606733
chr2	160687682	160688651	970	*	20.2	42	0.198559691400646
chr2	160715000	160715171	172	*	25.9666666666667	12	0.207739537878785
chr2	161459770	161463039	3270	*	24.491935483871	124	0.355456314648764
chr2	161554727	161554855	129	*	24.7	8	0.220316550989816
chr2	162231527	162232055	529	*	23	16	0.258114459760006
chr2	162310830	162311119	290	*	18.7	12	0.372260324598319
chr2	162656487	162656530	44	*	23.45	8	0.38778759522061
chr2	162826717	162827165	449	*	18.225	8	0.352953216153281
chr2	162924677	162924833	157	*	21.4666666666667	6	0.197106755500543
chr2	163140664	163141535	872	*	23.1555555555556	36	0.373282442539919
chr2	163237825	163238319	495	*	22.1	12	0.424169170677777
chr2	163667007	163667913	907	*	20.6333333333333	24	0.222401217075403
chr2	163763267	163763577	311	*	20.6166666666667	12	0.144759129835921
chr2	164144923	164145869	947	*	20.9333333333333	24	0.442131463066562
chr2	164156421	164158128	1708	*	23.46	30	0.330298617036417
chr2	164161065	164161123	59	*	20.1333333333333	6	0.231040901678667
chr2	164222188	164223447	1260	*	23.3565217391304	46	0.421613978888779
chr2	164247147	164248237	1091	*	22.6535714285714	56	0.353331378847073
chr2	164896967	164898783	1817	*	21.3411764705882	34	0.257520102479128
chr2	164931503	164936207	4705	*	20.3418181818182	110	0.377612601571054
chr2	165876939	165877134	196	*	19.8	6	0.279146330346134
chr2	166183626	166184518	893	*	20.5538461538462	26	0.176878178643186
chr2	168497764	168500138	2375	*	19.5344827586207	116	0.249561594152451
chr2	168512698	168519012	6315	*	23.2870967741936	186	0.321787727698857
chr2	168654263	168660161	5899	*	21.493085106383	376	0.356415884664736
chr2	168940671	168941043	373	*	20.36	10	0.18376327251442
chr2	169848119	169849751	1633	*	23.6321428571429	56	0.347916064411458
chr2	170307940	170308375	436	*	22.27	20	0.200276271333717
chr2	171334237	171334281	45	*	23.4	8	0.309133361951533
chr2	171390404	171390616	213	*	19.7	8	0.290370662940823
chr2	171878193	171878570	378	*	20.6125	16	0.255378893970843
chr2	172751306	172751755	450	*	21.4125	16	0.365353458138689
chr2	173199479	173199820	342	*	21	8	0.348608225066572
chr2	173599646	173605823	6178	*	22.8947368421053	190	0.328615332056969
chr2	174080313	174082935	2623	*	20.0432432432432	74	0.456364493829435
chr2	174231369	174233669	2301	*	21.6744680851064	94	0.330484660949315
chr2	174848351	174848462	112	*	24.35	8	0.247550016855862
chr2	174870077	174872600	2524	*	22.9416666666667	72	0.325588946169642
chr2	174925224	174925677	454	*	28.16	10	0.306389591170721
chr2	175347367	175355431	8065	*	22.1237288135593	236	0.436974027155117
chr2	175454817	175461039	6223	*	19.7114285714286	210	0.432808509628524
chr2	175583877	175587685	3809	*	21.8928571428571	84	0.277123189937506
chr2	176211331	176211667	337	*	25.15	8	0.324701639051272
chr2	176360291	176361970	1680	*	23.05	48	0.31686112107182
chr2	176481761	176487206	5446	*	23.9923076923077	182	0.153580229905952
chr2	176927310	176927970	661	*	20.0625	16	0.229232555505057
chr2	176948078	176948263	186	*	22.475	16	0.208462006433426
chr2	177920788	177925881	5094	*	23.3581081081081	148	0.334978518639157
chr2	179529780	179536346	6567	*	19.009375	128	0.290333700020666
chr2	179873195	179875465	2271	*	22.2879310344828	116	0.288276836674192
chr2	180001013	180001526	514	*	20.7857142857143	14	0.405432498357211
chr2	180567509	180567582	74	*	22.375	8	0.244369324751503
chr2	181169584	181170790	1207	*	22.8166666666667	24	0.21308009800973
chr2	181189638	181189987	350	*	26.3666666666667	12	0.416062214625658
chr2	181436941	181443354	6414	*	21.6818181818182	132	0.363052327367136
chr2	181565315	181565503	189	*	20.3375	16	0.227715904206293
chr2	181630186	181630965	780	*	21.3416666666667	24	0.463332711383128
chr2	181847900	181847904	5	*	17.475	8	0.255337852878884
chr2	183197613	183197922	310	*	21.2875	16	0.352680715973451
chr2	183392169	183394554	2386	*	21.6024390243902	82	0.373276384450366
chr2	183693282	183695249	1968	*	21.82	30	0.32092924663338
chr2	184112449	184113592	1144	*	20.29375	32	0.349346278305214
chr2	184120722	184121428	707	*	20.3	10	0.308152743650409
chr2	184355777	184358042	2266	*	19.784375	64	0.331938955106649
chr2	184549889	184550830	942	*	21.7083333333333	24	0.430207243765707
chr2	184564298	184564670	373	*	21.75	12	0.443596926748241
chr2	184831119	184831177	59	*	20.2166666666667	12	0.289278884976656
chr2	184912580	184912718	139	*	20.8	10	0.430468830626884
chr2	185168139	185168596	458	*	21.7833333333333	12	0.156622286026531
chr2	185201928	185202543	616	*	23.05	16	0.313614795367021
chr2	185704876	185705279	404	*	18.5818181818182	22	0.172717786934974
chr2	186373276	186373374	99	*	19.3	8	0.432658903221605
chr2	187086030	187087658	1629	*	22.1277777777778	36	0.337085525810218
chr2	187600995	187601275	281	*	20.075	8	0.409882597199243
chr2	188166835	188167324	490	*	23.4666666666667	12	0.281839986238961
chr2	189104759	189105509	751	*	19.95	16	0.203134372528438
chr2	189412849	189417727	4879	*	21.78984375	256	0.33536903779293
chr2	189913972	189914378	407	*	22.6625	16	0.284511606353761
chr2	190150005	190152104	2100	*	23.15	84	0.420185183802111
chr2	190954318	190954748	431	*	19.8875	16	0.334448220506094
chr2	191034193	191041111	6919	*	22.913829787234	188	0.268838172951295
chr2	191156262	191156334	73	*	23.4	12	0.181274585598533
chr2	191224760	191225718	959	*	24.12	20	0.315914907338376
chr2	191415749	191416809	1061	*	21.9717391304348	92	0.261554303790163
chr2	191461455	191462724	1270	*	23.0774193548387	62	0.312778640717985
chr2	191595606	191598212	2607	*	22.1727272727273	132	0.39932476172197
chr2	192887724	192888594	871	*	19.59	20	0.241083673473899
chr2	192890652	192891555	904	*	19.5333333333333	24	0.432863129541307
chr2	192910882	192911321	440	*	23.3	8	0.286038980506402
chr2	193070921	193071132	212	*	19.72	10	0.18291676725151
chr2	193556513	193556867	355	*	24.55	8	0.403137518024203
chr2	193638804	193641401	2598	*	19.9615384615385	52	0.164145941755986
chr2	193774023	193775175	1153	*	21.1	28	0.241477275434022
chr2	193789662	193789737	76	*	24.325	16	0.15645200599999
chr2	193879853	193880342	490	*	22.8333333333333	12	0.43177665619142
chr2	193988263	193988609	347	*	20.3	8	0.282888512045158
chr2	194053395	194054079	685	*	21.55	16	0.2297246434887
chr2	194217882	194217983	102	*	19.8	8	0.264154578135911
chr2	194764976	194766077	1102	*	19.8111111111111	36	0.313216635544691
chr2	194817062	194817503	442	*	23.94	20	0.419841891998279
chr2	194894999	194895116	118	*	21.3333333333333	12	0.407812262510291
chr2	195597956	195600756	2801	*	23.9134146341463	164	0.275793053228629
chr2	195710650	195711220	571	*	24.65	12	0.330835642965332
chr2	196309474	196309641	168	*	21.95	8	0.163319069357957
chr2	196684553	196689221	4669	*	22.54	140	0.275994258872469
chr2	197000444	197004589	4146	*	21.5013888888889	144	0.320354978627065
chr2	197108119	197110790	2672	*	24.94375	96	0.309433853549521
chr2	197494731	197496153	1423	*	24.045	40	0.174169324279932
chr2	197825660	197827742	2083	*	24.4055555555556	72	0.352452476566671
chr2	198014890	198015746	857	*	21.3142857142857	28	0.386242219094746
chr2	198028136	198029780	1645	*	23.3423076923077	52	0.21493089831209
chr2	198437537	198437892	356	*	20.6285714285714	14	0.339986673234286
chr2	198594591	198594904	314	*	22.55	12	0.373619726391711
chr2	198632551	198639035	6485	*	22.21	140	0.340217375870972
chr2	198778114	198778237	124	*	22.575	16	0.290727466162891
chr2	199056333	199058185	1853	*	24.5206896551724	58	0.228854615168479
chr2	199172110	199172169	60	*	20.65	12	0.241805197760504
chr2	199529920	199532368	2449	*	23.9886363636364	88	0.361217603796401
chr2	199626057	199626357	301	*	23.07	20	0.203076505490568
chr2	200101393	200101732	340	*	21.2166666666667	12	0.310956490550933
chr2	200140918	200141914	997	*	22.8166666666667	24	0.198670457769074
chr2	200765618	200771379	5762	*	22.75625	224	0.441808573594099
chr2	202050191	202050261	71	*	20.4666666666667	12	0.202680411451657
chr2	202720400	202720841	442	*	20.1142857142857	14	0.226085291026711
chr2	202779074	202780331	1258	*	19.8157894736842	38	0.289175046521735
chr2	203937552	203941093	3542	*	21.3125	160	0.34618548447995
chr2	204035572	204037517	1946	*	21.368	50	0.444436324814529
chr2	204195766	204202300	6535	*	21.5157407407407	216	0.204996188781725
chr2	204648030	204648418	389	*	21.2333333333333	6	0.38874540004671
chr2	204733114	204733174	61	*	22.25	8	0.359632520937128
chr2	204910697	204916138	5442	*	21.0445544554455	202	0.295484400493936
chr2	204982368	204985024	2657	*	22.6472222222222	72	0.352871966815874
chr2	206857235	206857430	196	*	21.075	16	0.203224312593103
chr2	206932702	206933089	388	*	23.3666666666667	24	0.456536731250975
chr2	206960356	206967197	6842	*	20.3182608695652	230	0.248654206965045
chr2	207156815	207157922	1108	*	21.7277777777778	36	0.262623009891787
chr2	207740233	207742845	2613	*	24.1136363636364	176	0.445491706975511
chr2	208274489	208274608	120	*	23.175	8	0.329498785008368
chr2	208275159	208275843	685	*	24.1375	16	0.352729849263221
chr2	208345969	208346324	356	*	22.25	16	0.243528893399618
chr2	208543484	208544872	1389	*	23.8555555555556	36	0.27248539873153
chr2	208764817	208768003	3187	*	23.4235294117647	68	0.421903823827035
chr2	208931041	208932598	1558	*	20.8916666666667	24	0.418468287246873
chr2	209162256	209162343	88	*	22.25	8	0.157724824079675
chr2	209208238	209210809	2572	*	19.4739436619718	284	0.246406996905754
chr2	209236104	209238069	1966	*	20.1111111111111	36	0.250096146431624
chr2	209441307	209441892	586	*	20.275	24	0.203771634770504
chr2	209514766	209517738	2973	*	23.0348837209302	86	0.189763835582487
chr2	210130766	210131993	1228	*	20.3441176470588	68	0.348240738113994
chr2	210273598	210276282	2685	*	23.5541666666667	48	0.421569462746994
chr2	210388642	210393384	4743	*	22.5826923076923	104	0.288041034731784
chr2	211496827	211498013	1187	*	21.5916666666667	24	0.354341578247786
chr2	212606838	212607813	976	*	20.7222222222222	18	0.384245436218794
chr2	212680400	212690972	10573	*	18.0215	400	0.201550649365461
chr2	212711860	212714819	2960	*	22.8645833333333	96	0.306122177807065
chr2	213397426	213398188	763	*	22.47	20	0.268204016864862
chr2	213830762	213834127	3366	*	20.825	112	0.385177309263397
chr2	213873741	213874283	543	*	22.6	12	0.336647368525913
chr2	214107252	214109262	2011	*	22.9909090909091	44	0.316092674746097
chr2	214118564	214118710	147	*	22.3833333333333	12	0.41817463650911
chr2	214220400	214222397	1998	*	21.890625	64	0.174819001080963
chr2	214238145	214238269	125	*	22.45	8	0.415509505342379
chr2	214264295	214266772	2478	*	19.9571428571429	42	0.447193555846891
chr2	214267728	214269402	1675	*	21.3764705882353	34	0.388933976142792
chr2	214924984	214926088	1105	*	20.7769230769231	26	0.339323499257654
chr2	215572708	215572730	23	*	20.775	8	0.283582287774338
chr2	216172126	216172757	632	*	21.2666666666667	48	0.303217754412962
chr2	216313486	216313522	37	*	22.4	8	0.164156874268685
chr2	216452179	216453262	1084	*	23.6714285714286	14	0.423003970246977
chr2	216770362	216770515	154	*	22.9	12	0.284191851039195
chr2	217636278	217640500	4223	*	21.9606060606061	132	0.261512767173353
chr2	219952116	219952298	183	*	20.625	8	0.288774931189079
chr2	220373498	220373962	465	*	22.1333333333333	12	0.3464483149413
chr2	220920317	220920990	674	*	22.45	24	0.280262908231755
chr2	221018876	221020587	1712	*	22.4666666666667	78	0.291855961476786
chr2	221313624	221314290	667	*	22.75	28	0.268623367427202
chr2	221395671	221396782	1112	*	20.9041666666667	48	0.295619346922983
chr2	222490897	222492626	1730	*	21.4857142857143	42	0.270228198663078
chr2	222581700	222582882	1183	*	23.2666666666667	60	0.405425848977802
chr2	223477573	223479703	2131	*	24.9	40	0.429847819559309
chr2	224190900	224192305	1406	*	25.615	40	0.375048732289221
chr2	224431415	224438522	7108	*	24.3124324324324	370	0.293827348779212
chr2	224626888	224628461	1574	*	22.6840909090909	88	0.306008154039788
chr2	224922655	224925579	2925	*	21.6947368421053	76	0.200518342470114
chr2	225254507	225257919	3413	*	21.928125	64	0.270842933840749
chr2	225338974	225340437	1464	*	23.6181818181818	22	0.391209076746116
chr2	225469012	225469117	106	*	22.1666666666667	12	0.326217082502115
chr2	226098310	226099147	838	*	18.7	12	0.193554344085375
chr2	226253613	226254213	601	*	21.9636363636364	22	0.318134127406942
chr2	226515359	226516405	1047	*	19.9083333333333	24	0.395203713799379
chr2	227954366	227955986	1621	*	22.8	32	0.252142250335904
chr2	228316061	228316399	339	*	25.5	8	0.322579751349894
chr2	228491101	228492339	1239	*	21.0875	16	0.394596892995726
chr2	228785497	228785696	200	*	21.75	8	0.318915423893394
chr2	229419879	229421271	1393	*	17.9333333333333	36	0.387760546698641
chr2	230363884	230365485	1602	*	22.6857142857143	28	0.154924893926487
chr2	230414376	230421144	6769	*	20.647619047619	252	0.244059312538821
chr2	230439796	230440031	236	*	20.4666666666667	12	0.397401496324098
chr2	232219667	232224071	4405	*	24.1893805309735	226	0.168640129387152
chr2	233689485	233694053	4569	*	22.5876288659794	194	0.390385627293429
chr2	235117738	235123125	5388	*	20.7197530864198	162	0.434067581283738
chr2	236205822	236212490	6669	*	22.7782222222222	450	0.356162029893133
chr2	236926032	236926402	371	*	23.11	20	0.16925009774781
chr2	237275812	237282443	6632	*	23.075	344	0.295390888952853
chr2	240117529	240117927	399	*	24.65	12	0.272189196804773
chr2	240281381	240282058	678	*	25.17	20	0.299730514352377
chr2	241097902	241098037	136	*	20.6666666666667	12	0.248191802831522
