seqnames	start	end	width	num_sites	cov	delta_beta	delta_beta_abs	intended_delta_beta	intended_delta_beta_abs	direction	case_group	genome	background_corr_target	expected_correlation	corr_target	corr_sd_used	corr_metric_estimate	neighbor_window
chr21	38080274	38081193	920	5	100	0.23004300430043	0.23004300430043	0.228798774217549	0.228798774217549	hyper	case	hg19	0.23971458691263	0.77	0.77	1.8	0.771172819963416	5
chr20	35503983	35504553	571	7	100	-0.291129112911291	0.291129112911291	-0.2993635519703	0.2993635519703	hypo	case	hg19	0.54727230795349	0.77	0.77	1.8	0.771172819963416	5
chr20	9818397	9819820	1424	11	100	0.263786378637864	0.263786378637864	0.262447913422715	0.262447913422715	hyper	case	hg19	0.27630139702677	0.77	0.77	1.8	0.771172819963416	5
chr20	44538288	44538675	388	5	100	-0.117731773177318	0.117731773177318	-0.118352172304324	0.118352172304324	hypo	case	hg19	0.350302735286427	0.77	0.77	1.8	0.771172819963416	5
chr20	47896448	47897451	1004	8	100	-0.190939093909391	0.190939093909391	-0.192141689418241	0.192141689418241	hypo	case	hg19	0.840604185535041	0.77	0.840604185535041	1.2	0.838746716895376	5
chr20	42142005	42143502	1498	29	100	0.221882188218822	0.221882188218822	0.220084916388734	0.220084916388734	hyper	case	hg19	0.372069041871853	0.77	0.77	1.8	0.771172819963416	5
chr20	61002595	61003303	709	7	100	-0.214981498149815	0.214981498149815	-0.213551250198474	0.213551250198474	hypo	case	hg19	0.104707257726954	0.77	0.77	1.8	0.771172819963416	5
chr20	23586680	23587411	732	5	100	0.197999799979998	0.197999799979998	0.191030053505585	0.191030053505585	hyper	case	hg19	0.0812657458846712	0.77	0.77	1.8	0.771172819963416	5
chr20	30062696	30063609	914	10	100	0.255145514551455	0.255145514551455	0.272208616431366	0.272208616431366	hyper	case	hg19	0.229897899461252	0.77	0.77	1.8	0.771172819963416	5
chr20	17295815	17296597	783	6	100	0.279037903790379	0.279037903790379	0.282353664097521	0.282353664097521	hyper	case	hg19	0.340308891860826	0.77	0.77	1.8	0.771172819963416	5
chr20	590799	591400	602	7	100	0.289428942894289	0.289428942894289	0.282306045738101	0.282306045738101	hyper	case	hg19	0.198144931785517	0.77	0.77	1.8	0.771172819963416	5
chr20	48598378	48599682	1305	11	100	0.250605060506051	0.250605060506051	0.253759991093082	0.253759991093082	hyper	case	hg19	0.57537814274489	0.77	0.77	1.8	0.771172819963416	5
chr20	3220565	3220985	421	5	100	0.251765176517652	0.251765176517652	0.251391256871825	0.251391256871825	hyper	case	hg19	0.461156983453562	0.77	0.77	1.8	0.771172819963416	5
chr20	57594082	57594513	432	5	100	-0.171977197719772	0.171977197719772	-0.176993360926847	0.176993360926847	hypo	case	hg19	0.338297414700712	0.77	0.77	1.8	0.771172819963416	5
chr20	35168979	35169886	908	9	100	0.185838583858386	0.185838583858386	0.219631694316308	0.219631694316308	hyper	case	hg19	0.784688645885349	0.77	0.784688645885349	1.7	0.784172667162099	5
chr21	38071673	38072186	514	7	100	0.19007900790079	0.19007900790079	0.199228759714734	0.199228759714734	hyper	case	hg19	0.470320710068993	0.77	0.77	1.8	0.771172819963416	5
chr20	21695334	21696467	1134	5	100	0.197859785978598	0.197859785978598	0.195911712402055	0.195911712402055	hyper	case	hg19	0.99	0.77	0.99	1.3	0.842949189257917	5
chr21	47845610	47846235	626	5	100	-0.252545254525453	0.252545254525453	-0.264474157222412	0.264474157222412	hypo	case	hg19	0.151627054182055	0.77	0.77	1.8	0.771172819963416	5
chr20	44640353	44641469	1117	5	100	0.214301430143014	0.214301430143014	0.217864601367294	0.217864601367294	hyper	case	hg19	0.752816033138983	0.77	0.77	1.8	0.771172819963416	5
chr20	39656786	39658073	1288	12	100	0.345734573457346	0.345734573457346	0.348537074474833	0.348537074474833	hyper	case	hg19	0.399933406509852	0.77	0.77	1.8	0.771172819963416	5
chr20	45141911	45142336	426	7	100	0.189118911891189	0.189118911891189	0.191412961852657	0.191412961852657	hyper	case	hg19	0.403609658273183	0.77	0.77	1.8	0.771172819963416	5
chr20	62687969	62688896	928	10	100	-0.151555155515552	0.151555155515552	-0.173682116992582	0.173682116992582	hypo	case	hg19	0.208581796966881	0.77	0.77	1.8	0.771172819963416	5
chr21	45232232	45232601	370	5	100	-0.0831683168316831	0.0831683168316831	-0.0754886256765461	0.0754886256765461	hypo	case	hg19	0.14267281892636	0.77	0.77	1.8	0.771172819963416	5
chr20	37590070	37591298	1229	11	100	0.368916891689169	0.368916891689169	0.368567047603641	0.368567047603641	hyper	case	hg19	0.193701397055349	0.77	0.77	1.8	0.771172819963416	5
chr20	61866960	61867533	574	8	100	-0.166216621662166	0.166216621662166	-0.17370812352167	0.17370812352167	hypo	case	hg19	0.226253902038975	0.77	0.77	1.8	0.771172819963416	5
chr21	43638893	43640131	1239	14	100	0.266436643664366	0.266436643664366	0.272092026676825	0.272092026676825	hyper	case	hg19	0.27027655009346	0.77	0.77	1.8	0.771172819963416	5
chr21	44473496	44474019	524	5	100	-0.277847784778478	0.277847784778478	-0.288702227897846	0.288702227897846	hypo	case	hg19	0.240843987804242	0.77	0.77	1.8	0.771172819963416	5
chr20	22566877	22568116	1240	10	100	-0.182748274827483	0.182748274827483	-0.178102480742154	0.178102480742154	hypo	case	hg19	0.335621511140266	0.77	0.77	1.8	0.771172819963416	5
chr20	326934	328035	1102	7	100	0.267726772677268	0.267726772677268	0.26217285185262	0.26217285185262	hyper	case	hg19	0.302829445108418	0.77	0.77	1.8	0.771172819963416	5
chr20	61637360	61638588	1229	11	100	0.223862386238624	0.223862386238624	0.221239318735005	0.221239318735005	hyper	case	hg19	0.544975329889657	0.77	0.77	1.8	0.771172819963416	5
chr20	26188639	26189240	602	7	100	-0.244984498449845	0.244984498449845	-0.259319570021426	0.259319570021426	hypo	case	hg19	0.337895919461469	0.77	0.77	1.8	0.771172819963416	5
chr20	61590751	61591514	764	5	100	0.113611361136114	0.113611361136114	0.172756869513629	0.172756869513629	hyper	case	hg19	0.227616792337743	0.77	0.77	1.8	0.771172819963416	5
chr20	43378461	43379501	1041	6	100	-0.188828882888289	0.188828882888289	-0.185910292028543	0.185910292028543	hypo	case	hg19	0.98909618518469	0.77	0.98909618518469	1.3	0.842949189257917	5
chr21	43098516	43099460	945	7	100	-0.196679667966797	0.196679667966797	-0.202478768038773	0.202478768038773	hypo	case	hg19	0.216081729962232	0.77	0.77	1.8	0.771172819963416	5
chr21	32253206	32254161	956	5	100	-0.278827882788279	0.278827882788279	-0.294786657010765	0.294786657010765	hypo	case	hg19	0.0810585033778058	0.77	0.77	1.8	0.771172819963416	5
chr21	42797588	42799141	1554	10	100	0.376607660766077	0.376607660766077	0.376834971315623	0.376834971315623	hyper	case	hg19	0.0986276005568421	0.77	0.77	1.8	0.771172819963416	5
chr21	47705150	47706788	1639	11	100	0.403980398039804	0.403980398039804	0.402190514837121	0.402190514837121	hyper	case	hg19	0.493325754105088	0.77	0.77	1.8	0.771172819963416	5
chr20	42186621	42187837	1217	8	100	-0.302630263026303	0.302630263026303	-0.285969433447121	0.285969433447121	hypo	case	hg19	0.110191237303745	0.77	0.77	1.8	0.771172819963416	5
chr21	18983396	18984770	1375	6	100	0.41030103010301	0.41030103010301	0.407187479302356	0.407187479302356	hyper	case	hg19	0.280257231712376	0.77	0.77	1.8	0.771172819963416	5
chr20	52824281	52825087	807	8	100	0.293689368936894	0.293689368936894	0.314435638149523	0.314435638149523	hyper	case	hg19	0.548196318120113	0.77	0.77	1.8	0.771172819963416	5
chr21	34396221	34397135	915	6	100	0.264156415641564	0.264156415641564	0.275981026837895	0.275981026837895	hyper	case	hg19	0.51494487327585	0.77	0.77	1.8	0.771172819963416	5
chr20	30060822	30061044	223	5	100	-0.306490649064907	0.306490649064907	-0.325482708215006	0.325482708215006	hypo	case	hg19	0.27761369820398	0.77	0.77	1.8	0.771172819963416	5
chr20	361741	363112	1372	5	100	0.315471547154715	0.315471547154715	0.339764205035474	0.339764205035474	hyper	case	hg19	0.403567507201796	0.77	0.77	1.8	0.771172819963416	5
chr20	54823878	54824646	769	6	100	0.107090709070907	0.107090709070907	0.0988141521148096	0.0988141521148096	hyper	case	hg19	0.326612291949098	0.77	0.77	1.8	0.771172819963416	5
chr20	61923848	61924802	955	5	100	-0.207800780078008	0.207800780078008	-0.204237567711543	0.204237567711543	hypo	case	hg19	0.39347460369705	0.77	0.77	1.8	0.771172819963416	5
chr20	44420225	44421026	802	15	100	0.326752675267527	0.326752675267527	0.324398910368378	0.324398910368378	hyper	case	hg19	0.952195787933168	0.77	0.952195787933168	1.3	0.842949189257917	5
chr20	57462798	57464002	1205	35	100	0.198159815981598	0.198159815981598	0.19432176433855	0.19432176433855	hyper	case	hg19	0.355817813534648	0.77	0.77	1.8	0.771172819963416	5
chr21	45705175	45706101	927	13	100	0.175117511751175	0.175117511751175	0.174611938905824	0.174611938905824	hyper	case	hg19	0.366902455075931	0.77	0.77	1.8	0.771172819963416	5
chr20	35421865	35423080	1216	5	100	-0.357195719571957	0.357195719571957	-0.359702214654479	0.359702214654479	hypo	case	hg19	0.157320614540733	0.77	0.77	1.8	0.771172819963416	5
chr20	21489870	21490665	796	5	100	0.235543554355436	0.235543554355436	0.243631834235598	0.243631834235598	hyper	case	hg19	0.262731037401378	0.77	0.77	1.8	0.771172819963416	5
chr20	25387977	25388779	803	10	100	0.346024602460246	0.346024602460246	0.35322871880671	0.35322871880671	hyper	case	hg19	0.849908877691509	0.77	0.849908877691509	1.3	0.842949189257917	5
chr20	37352612	37353158	547	9	100	0.217081708170817	0.217081708170817	0.223391760128468	0.223391760128468	hyper	case	hg19	0.253755371220837	0.77	0.77	1.8	0.771172819963416	5
chr21	46348306	46349095	790	6	100	-0.138303830383038	0.138303830383038	-0.15194553076595	0.15194553076595	hypo	case	hg19	0.18937122091723	0.77	0.77	1.8	0.771172819963416	5
chr20	54580070	54580677	608	5	100	0.185938593859386	0.185938593859386	0.16826866853057	0.16826866853057	hyper	case	hg19	0.170824124811393	0.77	0.77	1.8	0.771172819963416	5
chr20	50385285	50386166	882	5	100	0.138413841384138	0.138413841384138	0.149221406716629	0.149221406716629	hyper	case	hg19	0.342262574083229	0.77	0.77	1.8	0.771172819963416	5
chr21	37915044	37915391	348	6	100	-0.155765576557656	0.155765576557656	-0.161823183485229	0.161823183485229	hypo	case	hg19	0.99	0.77	0.99	1.3	0.842949189257917	5
chr20	36530920	36532096	1177	6	100	0.206450645064506	0.206450645064506	0.226673335916393	0.226673335916393	hyper	case	hg19	0.144711454052983	0.77	0.77	1.8	0.771172819963416	5
chr20	21371547	21372807	1261	7	100	0.242904290429043	0.242904290429043	0.242389115160782	0.242389115160782	hyper	case	hg19	0.206726301324639	0.77	0.77	1.8	0.771172819963416	5
chr21	43198283	43198797	515	6	100	0.271367136713671	0.271367136713671	0.28736135191998	0.28736135191998	hyper	case	hg19	0.243302550098262	0.77	0.77	1.8	0.771172819963416	5
chr20	25061762	25063052	1291	11	100	0.274587458745875	0.274587458745875	0.281170807778576	0.281170807778576	hyper	case	hg19	0.191637668015286	0.77	0.77	1.8	0.771172819963416	5
chr20	3148785	3149777	993	10	100	-0.213271327132713	0.213271327132713	-0.216887696785738	0.216887696785738	hypo	case	hg19	0.261862259492314	0.77	0.77	1.8	0.771172819963416	5
chr21	30670919	30671891	973	14	100	0.317221722172217	0.317221722172217	0.311224553475298	0.311224553475298	hyper	case	hg19	0.188375418857834	0.77	0.77	1.8	0.771172819963416	5
chr20	2634697	2635586	890	5	100	-0.215321532153215	0.215321532153215	-0.227830054159162	0.227830054159162	hypo	case	hg19	0.329154873372674	0.77	0.77	1.8	0.771172819963416	5
chr20	45179157	45179413	257	6	100	0.233293329332933	0.233293329332933	0.242273708157466	0.242273708157466	hyper	case	hg19	0.367768524430447	0.77	0.77	1.8	0.771172819963416	5
chr20	30195969	30196714	746	6	100	-0.234263426342634	0.234263426342634	-0.227207324672199	0.227207324672199	hypo	case	hg19	0.317906773096304	0.77	0.77	1.8	0.771172819963416	5
chr20	748992	749620	629	8	100	-0.228162816281628	0.228162816281628	-0.244643934705804	0.244643934705804	hypo	case	hg19	0.0685630769902948	0.77	0.77	1.8	0.771172819963416	5
chr20	36888790	36889389	600	10	100	0.238313831383138	0.238313831383138	0.2451887103662	0.2451887103662	hyper	case	hg19	0.248940460547515	0.77	0.77	1.8	0.771172819963416	5
chr20	39765948	39766765	818	10	100	0.275957595759576	0.275957595759576	0.277904390209353	0.277904390209353	hyper	case	hg19	0.99	0.77	0.99	1.3	0.842949189257917	5
chr21	43490967	43491755	789	7	100	-0.277027702770277	0.277027702770277	-0.272617783828618	0.272617783828618	hypo	case	hg19	0.366413279998117	0.77	0.77	1.8	0.771172819963416	5
chr20	2275700	2277040	1341	7	100	-0.29006900690069	0.29006900690069	-0.294555544481275	0.294555544481275	hypo	case	hg19	0.117775891836281	0.77	0.77	1.8	0.771172819963416	5
chr20	50416258	50418044	1787	7	100	0.375997599759976	0.375997599759976	0.376115837688206	0.376115837688206	hyper	case	hg19	0.304284331616981	0.77	0.77	1.8	0.771172819963416	5
chr20	48183673	48184832	1160	7	100	0.249324932493249	0.249324932493249	0.260193032276131	0.260193032276131	hyper	case	hg19	0.527483839843247	0.77	0.77	1.8	0.771172819963416	5
chr20	36147042	36147549	508	5	100	-0.344554455445545	0.344554455445545	-0.353745620062421	0.353745620062421	hypo	case	hg19	0.339079300136502	0.77	0.77	1.8	0.771172819963416	5
chr20	6103629	6104274	646	7	100	0.108250825082508	0.108250825082508	0.128445342979265	0.128445342979265	hyper	case	hg19	0.237451572409166	0.77	0.77	1.8	0.771172819963416	5
chr20	3761916	3762520	605	7	100	0.23984398439844	0.23984398439844	0.240066157569567	0.240066157569567	hyper	case	hg19	0.289136804655396	0.77	0.77	1.8	0.771172819963416	5
chr20	2081907	2082547	641	11	100	0.345274527452745	0.345274527452745	0.343809135032783	0.343809135032783	hyper	case	hg19	0.114466200640246	0.77	0.77	1.8	0.771172819963416	5
chr20	276888	278097	1210	8	100	0.203400340034003	0.203400340034003	0.205092652724794	0.205092652724794	hyper	case	hg19	0.100057467110711	0.77	0.77	1.8	0.771172819963416	5
chr20	43159618	43161260	1643	8	100	0.244494449444944	0.244494449444944	0.243492000353673	0.243492000353673	hyper	case	hg19	0.388234188355519	0.77	0.77	1.8	0.771172819963416	5
chr20	33865349	33866020	672	6	100	0.273547354735474	0.273547354735474	0.274494385550744	0.274494385550744	hyper	case	hg19	0.274489431505929	0.77	0.77	1.8	0.771172819963416	5
chr21	44088420	44089142	723	5	100	-0.276967696769677	0.276967696769677	-0.301437926547894	0.301437926547894	hypo	case	hg19	0.513860362108693	0.77	0.77	1.8	0.771172819963416	5
chr20	1206255	1207383	1129	11	100	0.334053405340534	0.334053405340534	0.333493547288089	0.333493547288089	hyper	case	hg19	0.179523588659448	0.77	0.77	1.8	0.771172819963416	5
chr20	30605656	30607220	1565	9	100	0.269206920692069	0.269206920692069	0.259909701380685	0.259909701380685	hyper	case	hg19	0.301426659493258	0.77	0.77	1.8	0.771172819963416	5
chr20	46414355	46415859	1505	16	100	0.315841584158416	0.315841584158416	0.315395453703149	0.315395453703149	hyper	case	hg19	0.523585863402343	0.77	0.77	1.8	0.771172819963416	5
chr21	47009726	47010818	1093	5	100	0.22950295029503	0.22950295029503	0.224479013996578	0.224479013996578	hyper	case	hg19	0.303678411505475	0.77	0.77	1.8	0.771172819963416	5
chr21	45719404	45719832	429	6	100	0.271277127712771	0.271277127712771	0.264978498296462	0.264978498296462	hyper	case	hg19	0.406962015230086	0.77	0.77	1.8	0.771172819963416	5
chr21	38592612	38593754	1143	8	100	0.311021102110211	0.311021102110211	0.313597713682252	0.313597713682252	hyper	case	hg19	0.350001340800549	0.77	0.77	1.8	0.771172819963416	5
chr20	47804552	47805154	603	8	100	0.274697469746975	0.274697469746975	0.284199851454838	0.284199851454838	hyper	case	hg19	0.0312692349157072	0.77	0.77	1.8	0.771172819963416	5
chr20	54919037	54919410	374	6	100	0.223762376237624	0.223762376237624	0.227048251106825	0.227048251106825	hyper	case	hg19	0.380236844169548	0.77	0.77	1.8	0.771172819963416	5
chr20	31780882	31781697	816	8	100	-0.251825182518252	0.251825182518252	-0.251968109845794	0.251968109845794	hypo	case	hg19	0.261426043110231	0.77	0.77	1.8	0.771172819963416	5
chr20	55837483	55838478	996	5	100	-0.208600860086009	0.208600860086009	-0.212591192778155	0.212591192778155	hypo	case	hg19	0.697616321354424	0.77	0.77	1.8	0.771172819963416	5
chr20	43439387	43439688	302	5	100	0.251965196519652	0.251965196519652	0.253775532880549	0.253775532880549	hyper	case	hg19	0.562152957287648	0.77	0.77	1.8	0.771172819963416	5
chr20	23015624	23016753	1130	8	100	0.175747574757476	0.175747574757476	0.181410666963483	0.181410666963483	hyper	case	hg19	0.0604214438868064	0.77	0.77	1.8	0.771172819963416	5
chr20	8112754	8113630	877	7	100	0.368496849684969	0.368496849684969	0.39356135156887	0.39356135156887	hyper	case	hg19	0.185816760315803	0.77	0.77	1.8	0.771172819963416	5
chr20	35059674	35060706	1033	5	100	-0.316011601160116	0.316011601160116	-0.316091049143905	0.316091049143905	hypo	case	hg19	0.374535638120677	0.77	0.77	1.8	0.771172819963416	5
chr21	44394280	44395084	805	8	100	0.36969696969697	0.36969696969697	0.378843751757131	0.378843751757131	hyper	case	hg19	0.106255391687348	0.77	0.77	1.8	0.771172819963416	5
chr20	1471884	1472914	1031	7	100	0.224942494249425	0.224942494249425	0.227504651119394	0.227504651119394	hyper	case	hg19	0.128535759143292	0.77	0.77	1.8	0.771172819963416	5
chr20	61557774	61558123	350	9	100	0.345534553455346	0.345534553455346	0.342233401177357	0.342233401177357	hyper	case	hg19	0.0237134684198817	0.77	0.77	1.8	0.771172819963416	5
chr20	5485144	5485873	730	9	100	-0.198919891989199	0.198919891989199	-0.20544354307986	0.20544354307986	hypo	case	hg19	0.327994732191733	0.77	0.77	1.8	0.771172819963416	5
chr21	19616551	19618088	1538	8	100	0.278547854785479	0.278547854785479	0.292686128822124	0.292686128822124	hyper	case	hg19	0.952649381551257	0.77	0.952649381551257	1.3	0.842949189257917	5
chr21	43441482	43442254	773	6	100	-0.224032403240324	0.224032403240324	-0.223108926468782	0.223108926468782	hypo	case	hg19	0.404539354517715	0.77	0.77	1.8	0.771172819963416	5
chr20	56725695	56726185	491	11	100	0.313591359135914	0.313591359135914	0.311252959305118	0.311252959305118	hyper	case	hg19	0.059293651800287	0.77	0.77	1.8	0.771172819963416	5
chr20	62327117	62328427	1311	7	100	-0.234643464346435	0.234643464346435	-0.250570074770304	0.250570074770304	hypo	case	hg19	0.99	0.77	0.99	1.3	0.842949189257917	5
chr20	44518802	44520176	1375	15	100	0.307130713071307	0.307130713071307	0.311797272418096	0.311797272418096	hyper	case	hg19	0.303119099975523	0.77	0.77	1.8	0.771172819963416	5
chr20	62405935	62407352	1418	7	100	-0.263666366636664	0.263666366636664	-0.26995493485137	0.26995493485137	hypo	case	hg19	0.578410060011493	0.77	0.77	1.8	0.771172819963416	5
chr21	46378243	46379089	847	5	100	-0.321932193219322	0.321932193219322	-0.328337447688915	0.328337447688915	hypo	case	hg19	0.167343086329628	0.77	0.77	1.8	0.771172819963416	5
chr20	42983920	42984878	959	12	100	-0.375927592759276	0.375927592759276	-0.380334261594865	0.380334261594865	hypo	case	hg19	0.251011526518036	0.77	0.77	1.8	0.771172819963416	5
chr20	4229231	4230822	1592	7	100	0.314711471147115	0.314711471147115	0.322027066616935	0.322027066616935	hyper	case	hg19	0.0851590909295251	0.77	0.77	1.8	0.771172819963416	5
chr20	56286391	56287532	1142	11	100	-0.284848484848485	0.284848484848485	-0.285637552400383	0.285637552400383	hypo	case	hg19	0.312204784379748	0.77	0.77	1.8	0.771172819963416	5
chr20	61427684	61428215	532	8	100	0.192279227922792	0.192279227922792	0.202529801165005	0.202529801165005	hyper	case	hg19	0.182372696273092	0.77	0.77	1.8	0.771172819963416	5
chr21	39288348	39289266	919	10	100	0.305870587058706	0.305870587058706	0.303818207827393	0.303818207827393	hyper	case	hg19	0.440045309755788	0.77	0.77	1.8	0.771172819963416	5
chr20	31349427	31351171	1745	9	100	0.368336833683368	0.368336833683368	0.378646170130639	0.378646170130639	hyper	case	hg19	0.41446185866905	0.77	0.77	1.8	0.771172819963416	5
chr21	47580410	47582351	1942	7	100	-0.252685268526853	0.252685268526853	-0.256640047396521	0.256640047396521	hypo	case	hg19	0.341693067329704	0.77	0.77	1.8	0.771172819963416	5
chr20	25064806	25065553	748	6	100	0.235323532353235	0.235323532353235	0.234408694388277	0.234408694388277	hyper	case	hg19	0.408685294695475	0.77	0.77	1.8	0.771172819963416	5
chr20	3218145	3218905	761	11	100	-0.276847684768477	0.276847684768477	-0.296905461561143	0.296905461561143	hypo	case	hg19	0.250164002914557	0.77	0.77	1.8	0.771172819963416	5
chr20	55199493	55200973	1481	7	100	0.292349234923492	0.292349234923492	0.304542539116653	0.304542539116653	hyper	case	hg19	0.551550109702671	0.77	0.77	1.8	0.771172819963416	5
chr20	37230326	37230741	416	7	100	0.335273527352735	0.335273527352735	0.344032538859633	0.344032538859633	hyper	case	hg19	0.171194891766148	0.77	0.77	1.8	0.771172819963416	5
chr20	36572111	36573019	909	5	100	-0.248764876487649	0.248764876487649	-0.259010129783463	0.259010129783463	hypo	case	hg19	0.678364181101291	0.77	0.77	1.8	0.771172819963416	5
chr21	45874614	45875534	921	5	100	0.243404340434044	0.243404340434044	0.256647740864342	0.256647740864342	hyper	case	hg19	0.349380487656825	0.77	0.77	1.8	0.771172819963416	5
chr20	22558834	22559867	1034	8	100	0.288738873887389	0.288738873887389	0.29164920802666	0.29164920802666	hyper	case	hg19	0.539618717977926	0.77	0.77	1.8	0.771172819963416	5
chr21	46858801	46859983	1183	5	100	0.278787878787879	0.278787878787879	0.268405735058381	0.268405735058381	hyper	case	hg19	0.588239600234948	0.77	0.77	1.8	0.771172819963416	5
chr20	62680970	62681428	459	11	100	0.218401840184018	0.218401840184018	0.212520852279277	0.212520852279277	hyper	case	hg19	0.160171358052287	0.77	0.77	1.8	0.771172819963416	5
chr20	43729410	43730241	832	11	100	0.296769676967697	0.296769676967697	0.327313563422736	0.327313563422736	hyper	case	hg19	0.275814684973531	0.77	0.77	1.8	0.771172819963416	5
chr21	47851470	47851941	472	5	100	-0.285028502850285	0.285028502850285	-0.284975101102386	0.284975101102386	hypo	case	hg19	0.228827920889028	0.77	0.77	1.8	0.771172819963416	5
chr21	22368940	22370864	1925	12	100	0.300660066006601	0.300660066006601	0.308161001017854	0.308161001017854	hyper	case	hg19	0.0304811624939162	0.77	0.77	1.8	0.771172819963416	5
chr20	36152813	36154388	1576	11	100	-0.254645464546455	0.254645464546455	-0.249895190429925	0.249895190429925	hypo	case	hg19	0.313183088836958	0.77	0.77	1.8	0.771172819963416	5
chr20	49626064	49626861	798	5	100	-0.238483848384838	0.238483848384838	-0.242349172403983	0.242349172403983	hypo	case	hg19	0.273276897032387	0.77	0.77	1.8	0.771172819963416	5
chr20	43374239	43374889	651	11	100	0.348194819481948	0.348194819481948	0.354080157881913	0.354080157881913	hyper	case	hg19	0.100078996737154	0.77	0.77	1.8	0.771172819963416	5
chr21	42879074	42880714	1641	13	100	0.200620062006201	0.200620062006201	0.198139059577077	0.198139059577077	hyper	case	hg19	0.70646721007996	0.77	0.77	1.8	0.771172819963416	5
chr20	32254216	32256071	1856	6	100	0.164926492649265	0.164926492649265	0.190237398562948	0.190237398562948	hyper	case	hg19	0.390476800527993	0.77	0.77	1.8	0.771172819963416	5
chr20	43029468	43029997	530	8	100	-0.199209920992099	0.199209920992099	-0.204207112869218	0.204207112869218	hypo	case	hg19	0.306296635475317	0.77	0.77	1.8	0.771172819963416	5
chr20	23342882	23344170	1289	6	100	0.223532353235324	0.223532353235324	0.224282373062371	0.224282373062371	hyper	case	hg19	0.633396982698681	0.77	0.77	1.8	0.771172819963416	5
chr21	38580129	38580812	684	5	100	0.178497849784979	0.178497849784979	0.18085341301055	0.18085341301055	hyper	case	hg19	0.212364525854602	0.77	0.77	1.8	0.771172819963416	5
chr20	61973086	61974165	1080	6	100	-0.267976797679768	0.267976797679768	-0.270680050789802	0.270680050789802	hypo	case	hg19	0.0556619801815809	0.77	0.77	1.8	0.771172819963416	5
chr21	39627840	39629123	1284	5	100	-0.233023302330233	0.233023302330233	-0.233957169754227	0.233957169754227	hypo	case	hg19	0.331492594278337	0.77	0.77	1.8	0.771172819963416	5
chr21	45844767	45845495	729	5	100	-0.203000300030003	0.203000300030003	-0.224901897946604	0.224901897946604	hypo	case	hg19	0.740798234627583	0.77	0.77	1.8	0.771172819963416	5
chr20	45279830	45280414	585	7	100	-0.2004400440044	0.2004400440044	-0.210804929622934	0.210804929622934	hypo	case	hg19	0.102568639560577	0.77	0.77	1.8	0.771172819963416	5
chr20	36148133	36150061	1929	44	100	-0.30975097509751	0.30975097509751	-0.304871215971813	0.304871215971813	hypo	case	hg19	0.428380363771741	0.77	0.77	1.8	0.771172819963416	5
chr21	37442104	37442777	674	6	100	0.305000500050005	0.305000500050005	0.297910449568295	0.297910449568295	hyper	case	hg19	0.355743686872916	0.77	0.77	1.8	0.771172819963416	5
chr21	40756696	40758346	1651	9	100	0.0884288428842884	0.0884288428842884	0.103678765017431	0.103678765017431	hyper	case	hg19	0.256747984499243	0.77	0.77	1.8	0.771172819963416	5
chr20	23028890	23030533	1644	12	100	0.264046404640464	0.264046404640464	0.261279135852731	0.261279135852731	hyper	case	hg19	0.249252850650166	0.77	0.77	1.8	0.771172819963416	5
chr21	43919023	43919853	831	5	100	-0.146174617461746	0.146174617461746	-0.148637652823329	0.148637652823329	hypo	case	hg19	0.396692595718626	0.77	0.77	1.8	0.771172819963416	5
chr20	48530082	48530654	573	5	100	-0.353495349534953	0.353495349534953	-0.352355133246443	0.352355133246443	hypo	case	hg19	0.187126283172315	0.77	0.77	1.8	0.771172819963416	5
chr21	37756397	37757883	1487	8	100	-0.207450745074507	0.207450745074507	-0.207201459281238	0.207201459281238	hypo	case	hg19	0.36258703829071	0.77	0.77	1.8	0.771172819963416	5
chr20	11870440	11872261	1822	12	100	0.251445144514451	0.251445144514451	0.253691738874541	0.253691738874541	hyper	case	hg19	0.114019899010833	0.77	0.77	1.8	0.771172819963416	5
chr20	30326562	30327429	868	12	100	0.317421742174217	0.317421742174217	0.321822609065541	0.321822609065541	hyper	case	hg19	0.595497849712279	0.77	0.77	1.8	0.771172819963416	5
chr20	56135615	56136569	955	6	100	-0.251025102510251	0.251025102510251	-0.246041399166397	0.246041399166397	hypo	case	hg19	0.404133187304331	0.77	0.77	1.8	0.771172819963416	5
chr20	43726544	43727646	1103	5	100	0.28048804880488	0.28048804880488	0.291111657213167	0.291111657213167	hyper	case	hg19	0.338434224011104	0.77	0.77	1.8	0.771172819963416	5
chr21	42520009	42520902	894	5	100	-0.235163516351635	0.235163516351635	-0.255246848025015	0.255246848025015	hypo	case	hg19	0.21438109027326	0.77	0.77	1.8	0.771172819963416	5
chr20	44880263	44881449	1187	6	100	-0.233473347334734	0.233473347334734	-0.230413807626005	0.230413807626005	hypo	case	hg19	0.266692659331041	0.77	0.77	1.8	0.771172819963416	5
chr20	3184938	3185863	926	12	100	0.31989198919892	0.31989198919892	0.325862705320963	0.325862705320963	hyper	case	hg19	0.410932950072262	0.77	0.77	1.8	0.771172819963416	5
chr20	53091600	53093152	1553	12	100	0.349084908490849	0.349084908490849	0.348627050357402	0.348627050357402	hyper	case	hg19	0.0484588216038214	0.77	0.77	1.8	0.771172819963416	5
chr20	3065343	3066014	672	8	100	0.213411341134113	0.213411341134113	0.208647777066399	0.208647777066399	hyper	case	hg19	0.188971312213685	0.77	0.77	1.8	0.771172819963416	5
chr21	28336897	28337869	973	5	100	-0.216801680168017	0.216801680168017	-0.232058184452988	0.232058184452988	hypo	case	hg19	0.937336215078013	0.77	0.937336215078013	1.3	0.842949189257917	5
chr21	46221599	46222557	959	9	100	0.333413341334133	0.333413341334133	0.333528063121731	0.333528063121731	hyper	case	hg19	0.285428588645601	0.77	0.77	1.8	0.771172819963416	5
chr20	31822877	31824068	1192	6	100	-0.181278127812781	0.181278127812781	-0.172565986990095	0.172565986990095	hypo	case	hg19	0.565292915606445	0.77	0.77	1.8	0.771172819963416	5
chr20	1974646	1975372	727	7	100	-0.162096209620962	0.162096209620962	-0.165987097468497	0.165987097468497	hypo	case	hg19	0.851474654329727	0.77	0.851474654329727	1.3	0.842949189257917	5
chr20	31870206	31871352	1147	9	100	-0.292269226922692	0.292269226922692	-0.297180746520351	0.297180746520351	hypo	case	hg19	0.382491548069674	0.77	0.77	1.8	0.771172819963416	5
chr20	61718618	61719188	571	6	100	-0.254785478547855	0.254785478547855	-0.267306927023073	0.267306927023073	hypo	case	hg19	0.0716066791506998	0.77	0.77	1.8	0.771172819963416	5
chr20	61040825	61041765	941	6	100	-0.187398739873987	0.187398739873987	-0.19609934953911	0.19609934953911	hypo	case	hg19	0.457632293628042	0.77	0.77	1.8	0.771172819963416	5
chr20	3776212	3777255	1044	12	100	0.277837783778378	0.277837783778378	0.274791379759847	0.274791379759847	hyper	case	hg19	0.0642964801363307	0.77	0.77	1.8	0.771172819963416	5
chr20	58508076	58509559	1484	9	100	-0.173677367736774	0.173677367736774	-0.203606013618768	0.203606013618768	hypo	case	hg19	0.660219183672817	0.77	0.77	1.8	0.771172819963416	5
chr20	2083193	2083850	658	5	100	0.366136613661366	0.366136613661366	0.363724100545513	0.363724100545513	hyper	case	hg19	0.385158328561215	0.77	0.77	1.8	0.771172819963416	5
chr21	43771120	43772498	1379	7	100	-0.235203520352035	0.235203520352035	-0.246221974948629	0.246221974948629	hypo	case	hg19	0.34482058432106	0.77	0.77	1.8	0.771172819963416	5
chr21	37851847	37852822	976	6	100	-0.316511651165117	0.316511651165117	-0.330707454635319	0.330707454635319	hypo	case	hg19	0.112889074726911	0.77	0.77	1.8	0.771172819963416	5
chr21	28338836	28340304	1469	11	100	0.307390739073907	0.307390739073907	0.3123231097804	0.3123231097804	hyper	case	hg19	0.0909667074355364	0.77	0.77	1.8	0.771172819963416	5
chr21	38119920	38120824	905	6	100	0.278897889788979	0.278897889788979	0.281809138776421	0.281809138776421	hyper	case	hg19	0.127101811913748	0.77	0.77	1.8	0.771172819963416	5
chr20	60697038	60697728	691	8	100	0.289178917891789	0.289178917891789	0.290292740714077	0.290292740714077	hyper	case	hg19	0.465380733182539	0.77	0.77	1.8	0.771172819963416	5
chr20	62367372	62368256	885	9	100	0.252685268526853	0.252685268526853	0.236266993770044	0.236266993770044	hyper	case	hg19	0.247108762938687	0.77	0.77	1.8	0.771172819963416	5
chr21	15645649	15646635	987	7	100	-0.254205420542054	0.254205420542054	-0.263062084137012	0.263062084137012	hypo	case	hg19	0.0630311485825484	0.77	0.77	1.8	0.771172819963416	5
chr20	3387877	3388900	1024	10	100	0.345014501450145	0.345014501450145	0.349170228526847	0.349170228526847	hyper	case	hg19	0.793008510214531	0.77	0.793008510214531	1	0.794737148237701	5
chr20	1373260	1374740	1481	8	100	0.337543754375438	0.337543754375438	0.340359088449612	0.340359088449612	hyper	case	hg19	0.27979473547367	0.77	0.77	1.8	0.771172819963416	5
chr20	37100986	37101903	918	12	100	0.308400840084008	0.308400840084008	0.313108415357129	0.313108415357129	hyper	case	hg19	0.191015451267372	0.77	0.77	1.8	0.771172819963416	5
chr20	34742329	34743092	764	6	100	0.230943094309431	0.230943094309431	0.238837433431936	0.238837433431936	hyper	case	hg19	0.342595799090736	0.77	0.77	1.8	0.771172819963416	5
chr20	3712795	3713584	790	7	100	-0.131333133313331	0.131333133313331	-0.144297453796185	0.144297453796185	hypo	case	hg19	0.6675020750311	0.77	0.77	1.8	0.771172819963416	5
chr20	42964959	42965753	795	6	100	-0.251035103510351	0.251035103510351	-0.245979682170605	0.245979682170605	hypo	case	hg19	0.311286966350439	0.77	0.77	1.8	0.771172819963416	5
chr20	48531577	48532416	840	10	100	0.259325932593259	0.259325932593259	0.262760045734444	0.262760045734444	hyper	case	hg19	0.0720189005089803	0.77	0.77	1.8	0.771172819963416	5
chr20	57616897	57618487	1591	8	100	0.28956895689569	0.28956895689569	0.289318937025496	0.289318937025496	hyper	case	hg19	0.304436239801938	0.77	0.77	1.8	0.771172819963416	5
chr20	49547111	49548661	1551	12	100	0.22971297129713	0.22971297129713	0.244450883462529	0.244450883462529	hyper	case	hg19	0.203733588377678	0.77	0.77	1.8	0.771172819963416	5
chr20	31618209	31619647	1439	5	100	-0.273127312731273	0.273127312731273	-0.264130477409178	0.264130477409178	hypo	case	hg19	0.251726463978993	0.77	0.77	1.8	0.771172819963416	5
chr20	57416221	57417233	1013	5	100	0.103610361036104	0.103610361036104	0.100252558371223	0.100252558371223	hyper	case	hg19	0.253611280947284	0.77	0.77	1.8	0.771172819963416	5
chr20	35088954	35090181	1228	6	100	0.208250825082508	0.208250825082508	0.203964291172008	0.203964291172008	hyper	case	hg19	0.328135316862201	0.77	0.77	1.8	0.771172819963416	5
chr20	31331814	31332353	540	6	100	0.149134913491349	0.149134913491349	0.145745724245431	0.145745724245431	hyper	case	hg19	0.0935351078828546	0.77	0.77	1.8	0.771172819963416	5
chr20	34286564	34287853	1290	13	100	0.394139413941394	0.394139413941394	0.39551473332355	0.39551473332355	hyper	case	hg19	0.158454013231934	0.77	0.77	1.8	0.771172819963416	5
chr20	3800567	3801622	1056	11	100	0.348494849484948	0.348494849484948	0.356801141573653	0.356801141573653	hyper	case	hg19	0.109582195865561	0.77	0.77	1.8	0.771172819963416	5
chr20	19915716	19916087	372	6	100	0.21010101010101	0.21010101010101	0.22272803944899	0.22272803944899	hyper	case	hg19	0.38674384531683	0.77	0.77	1.8	0.771172819963416	5
chr20	61050560	61051915	1356	25	100	0.384778477847785	0.384778477847785	0.384752342652881	0.384752342652881	hyper	case	hg19	0.430761732417988	0.77	0.77	1.8	0.771172819963416	5
chr20	2794877	2796128	1252	6	100	-0.26029602960296	0.26029602960296	-0.256860204023886	0.256860204023886	hypo	case	hg19	0.272197622306499	0.77	0.77	1.8	0.771172819963416	5
chr20	25565460	25566563	1104	10	100	0.227342734273427	0.227342734273427	0.239864639344937	0.239864639344937	hyper	case	hg19	0.160098412640946	0.77	0.77	1.8	0.771172819963416	5
chr20	20344345	20345330	986	5	100	0.301490149014902	0.301490149014902	0.3209616211518	0.3209616211518	hyper	case	hg19	0.373954176154334	0.77	0.77	1.8	0.771172819963416	5
chr20	19866743	19867145	403	8	100	-0.21995199519952	0.21995199519952	-0.218924873287139	0.218924873287139	hypo	case	hg19	0.199668231961218	0.77	0.77	1.8	0.771172819963416	5
chr20	982623	983354	732	9	100	0.350595059505951	0.350595059505951	0.350584801423431	0.350584801423431	hyper	case	hg19	0.110224021993458	0.77	0.77	1.8	0.771172819963416	5
chr20	61162000	61162112	113	5	100	-0.289388938893889	0.289388938893889	-0.290327323171739	0.290327323171739	hypo	case	hg19	0.351803247482025	0.77	0.77	1.8	0.771172819963416	5
chr20	3643863	3644719	857	7	100	-0.279107910791079	0.279107910791079	-0.273416372899286	0.273416372899286	hypo	case	hg19	0.222949982548086	0.77	0.77	1.8	0.771172819963416	5
chr20	60719442	60719824	383	5	100	0.323952395239524	0.323952395239524	0.327658192886419	0.327658192886419	hyper	case	hg19	0.414984745158749	0.77	0.77	1.8	0.771172819963416	5
chr21	27542749	27543721	973	9	100	0.373637363736374	0.373637363736374	0.378553711398748	0.378553711398748	hyper	case	hg19	0.19884529795999	0.77	0.77	1.8	0.771172819963416	5
chr21	34397654	34399361	1708	14	100	0.316291629162916	0.316291629162916	0.325857398571571	0.325857398571571	hyper	case	hg19	0.291154160016129	0.77	0.77	1.8	0.771172819963416	5
chr20	49620366	49621469	1104	7	100	-0.244664466446645	0.244664466446645	-0.240233044341792	0.240233044341792	hypo	case	hg19	0.504127071638989	0.77	0.77	1.8	0.771172819963416	5
chr21	26979779	26980353	575	6	100	0.35993599359936	0.35993599359936	0.363409128451603	0.363409128451603	hyper	case	hg19	0.186692562820081	0.77	0.77	1.8	0.771172819963416	5
chr21	46875142	46875433	292	5	100	0.122312231223122	0.122312231223122	0.118726155458083	0.118726155458083	hyper	case	hg19	0.0285377430979209	0.77	0.77	1.8	0.771172819963416	5
chr21	45078077	45080032	1956	15	100	0.260886088608861	0.260886088608861	0.247565645011739	0.247565645011739	hyper	case	hg19	0.418385280062786	0.77	0.77	1.8	0.771172819963416	5
chr21	45773189	45774664	1476	9	100	0.305190519051905	0.305190519051905	0.31446603707155	0.31446603707155	hyper	case	hg19	0.289369374524673	0.77	0.77	1.8	0.771172819963416	5
chr20	57089461	57090749	1289	12	100	0.309130913091309	0.309130913091309	0.308985100403997	0.308985100403997	hyper	case	hg19	0.54111569516251	0.77	0.77	1.8	0.771172819963416	5
chr20	30134929	30135362	434	10	100	0.176247624762476	0.176247624762476	0.189796064620217	0.189796064620217	hyper	case	hg19	0.0603326184381444	0.77	0.77	1.8	0.771172819963416	5
chr21	19190629	19192138	1510	10	100	0.333923392339234	0.333923392339234	0.337279785593141	0.337279785593141	hyper	case	hg19	0.282081980988597	0.77	0.77	1.8	0.771172819963416	5
chr20	3758006	3759228	1223	7	100	0.317431743174317	0.317431743174317	0.324219434032313	0.324219434032313	hyper	case	hg19	0.159639189313242	0.77	0.77	1.8	0.771172819963416	5
chr20	2780680	2782078	1399	13	100	0.329092909290929	0.329092909290929	0.335459679200358	0.335459679200358	hyper	case	hg19	0.736908282991834	0.77	0.77	1.8	0.771172819963416	5
chr20	62178498	62179752	1255	7	100	-0.226122612261226	0.226122612261226	-0.232326387066855	0.232326387066855	hypo	case	hg19	0.536099465856072	0.77	0.77	1.8	0.771172819963416	5
chr21	43823604	43824262	659	8	100	-0.201670167016702	0.201670167016702	-0.214447781960893	0.214447781960893	hypo	case	hg19	0.203675482701565	0.77	0.77	1.8	0.771172819963416	5
chr20	62289569	62290499	931	10	100	0.294579457945795	0.294579457945795	0.288424318569244	0.288424318569244	hyper	case	hg19	0.149126649588098	0.77	0.77	1.8	0.771172819963416	5
chr20	30618874	30619244	371	5	100	0.259065906590659	0.259065906590659	0.258908143845011	0.258908143845011	hyper	case	hg19	0.555213998249149	0.77	0.77	1.8	0.771172819963416	5
chr20	35273933	35275710	1778	12	100	0.299239923992399	0.299239923992399	0.313014561681212	0.313014561681212	hyper	case	hg19	0.99	0.77	0.99	1.3	0.842949189257917	5
chr20	39320532	39322193	1662	7	100	0.303330333033303	0.303330333033303	0.310443616760122	0.310443616760122	hyper	case	hg19	0.0970511348070426	0.77	0.77	1.8	0.771172819963416	5
chr20	20036653	20037150	498	6	100	0.164276427642764	0.164276427642764	0.137226611092698	0.137226611092698	hyper	case	hg19	0.99	0.77	0.99	1.3	0.842949189257917	5
chr20	62737547	62738358	812	8	100	-0.385828582858286	0.385828582858286	-0.389478018015949	0.389478018015949	hypo	case	hg19	0.498164362628039	0.77	0.77	1.8	0.771172819963416	5
chr20	31754868	31756024	1157	8	100	-0.278547854785479	0.278547854785479	-0.25150093180487	0.25150093180487	hypo	case	hg19	0.17755983097737	0.77	0.77	1.8	0.771172819963416	5
chr20	62492074	62493317	1244	8	100	-0.232443244324432	0.232443244324432	-0.231811347265354	0.231811347265354	hypo	case	hg19	0.0562632098705123	0.77	0.77	1.8	0.771172819963416	5
chr20	55839008	55839663	656	5	100	0.191599159915992	0.191599159915992	0.197114685391138	0.197114685391138	hyper	case	hg19	0.0269902445355718	0.77	0.77	1.8	0.771172819963416	5
chr20	44065402	44065852	451	5	100	0.295889588958896	0.295889588958896	0.283017616810626	0.283017616810626	hyper	case	hg19	0.224968067234428	0.77	0.77	1.8	0.771172819963416	5
chr20	43513921	43514360	440	6	100	0.260896089608961	0.260896089608961	0.268316984441687	0.268316984441687	hyper	case	hg19	0.412122019506748	0.77	0.77	1.8	0.771172819963416	5
chr20	1093141	1093802	662	5	100	-0.193499349934994	0.193499349934994	-0.194450992023606	0.194450992023606	hypo	case	hg19	0.0901077719444738	0.77	0.77	1.8	0.771172819963416	5
chr20	21685401	21686728	1328	15	100	0.316191619161916	0.316191619161916	0.300632637779373	0.300632637779373	hyper	case	hg19	0.282948110925005	0.77	0.77	1.8	0.771172819963416	5
chr20	22565881	22566289	409	6	100	0.261256125612561	0.261256125612561	0.28357446423441	0.28357446423441	hyper	case	hg19	0.125010253967293	0.77	0.77	1.8	0.771172819963416	5
chr21	36259067	36259797	731	5	100	-0.167536753675368	0.167536753675368	-0.18497125566162	0.18497125566162	hypo	case	hg19	0.737255053610149	0.77	0.77	1.8	0.771172819963416	5
chr20	30432938	30433673	736	6	100	-0.265256525652565	0.265256525652565	-0.281694189545647	0.281694189545647	hypo	case	hg19	0.427296822359497	0.77	0.77	1.8	0.771172819963416	5
chr21	37948808	37949239	432	5	100	-0.285348534853485	0.285348534853485	-0.286782135356864	0.286782135356864	hypo	case	hg19	0.216369121717285	0.77	0.77	1.8	0.771172819963416	5
chr20	32856747	32857227	481	6	100	0.200500050005	0.200500050005	0.217024539293045	0.217024539293045	hyper	case	hg19	0.358443487426304	0.77	0.77	1.8	0.771172819963416	5
chr20	55835020	55836676	1657	5	100	-0.229382938293829	0.229382938293829	-0.227583507261585	0.227583507261585	hypo	case	hg19	0.534028355477034	0.77	0.77	1.8	0.771172819963416	5
chr21	46975435	46976340	906	5	100	0.283308330833083	0.283308330833083	0.229068987807069	0.229068987807069	hyper	case	hg19	0.283016653895501	0.77	0.77	1.8	0.771172819963416	5
chr20	20348331	20349621	1291	8	100	0.296179617961796	0.296179617961796	0.296388885947418	0.296388885947418	hyper	case	hg19	0.387602677243627	0.77	0.77	1.8	0.771172819963416	5
chr20	21502728	21503898	1171	6	100	0.255165516551655	0.255165516551655	0.264136863583419	0.264136863583419	hyper	case	hg19	0.623015222502094	0.77	0.77	1.8	0.771172819963416	5
chr20	3051954	3052483	530	10	100	-0.257145714571457	0.257145714571457	-0.266295937392162	0.266295937392162	hypo	case	hg19	0.168845133907271	0.77	0.77	1.8	0.771172819963416	5
chr20	30225325	30226046	722	9	100	-0.312831283128313	0.312831283128313	-0.324906546166148	0.324906546166148	hypo	case	hg19	0.0742480069103463	0.77	0.77	1.8	0.771172819963416	5
chr21	42675292	42676782	1491	6	100	-0.311121112111211	0.311121112111211	-0.31416187163477	0.31416187163477	hypo	case	hg19	0.334982743470667	0.77	0.77	1.8	0.771172819963416	5
chr21	40984553	40984886	334	8	100	0.341244124412441	0.341244124412441	0.346768001238171	0.346768001238171	hyper	case	hg19	0.636852062656927	0.77	0.77	1.8	0.771172819963416	5
chr20	2732946	2733698	753	5	100	0.243684368436844	0.243684368436844	0.267186807625618	0.267186807625618	hyper	case	hg19	0.0918853732650309	0.77	0.77	1.8	0.771172819963416	5
chr20	1246703	1247526	824	10	100	0.196869686968697	0.196869686968697	0.197345141837097	0.197345141837097	hyper	case	hg19	0.279637199029516	0.77	0.77	1.8	0.771172819963416	5
chr20	61560373	61561020	648	6	100	0.217001700170017	0.217001700170017	0.228279119273915	0.228279119273915	hyper	case	hg19	0.265988794822803	0.77	0.77	1.8	0.771172819963416	5
chr20	51588780	51589985	1206	9	100	0.233783378337834	0.233783378337834	0.232662277634351	0.232662277634351	hyper	case	hg19	0.99	0.77	0.99	1.3	0.842949189257917	5
chr20	33879989	33880935	947	11	100	-0.336973697369737	0.336973697369737	-0.345118945349383	0.345118945349383	hypo	case	hg19	0.271672424976072	0.77	0.77	1.8	0.771172819963416	5
chr20	17549599	17551166	1568	12	100	0.315021502150215	0.315021502150215	0.320503592831003	0.320503592831003	hyper	case	hg19	0.99	0.77	0.99	1.3	0.842949189257917	5
chr20	44034247	44036136	1890	16	100	0.326772677267727	0.326772677267727	0.332380881276119	0.332380881276119	hyper	case	hg19	0.0383267797773371	0.77	0.77	1.8	0.771172819963416	5
chr20	18774235	18776145	1911	15	100	0.28046804680468	0.28046804680468	0.281866824355598	0.281866824355598	hyper	case	hg19	0.105861896288706	0.77	0.77	1.8	0.771172819963416	5
chr20	62025867	62026902	1036	5	100	-0.23978397839784	0.23978397839784	-0.240029330991391	0.240029330991391	hypo	case	hg19	0.735756910044168	0.77	0.77	1.8	0.771172819963416	5
chr21	34960242	34961305	1064	10	100	0.312451245124513	0.312451245124513	0.314233536149037	0.314233536149037	hyper	case	hg19	0.282531915139246	0.77	0.77	1.8	0.771172819963416	5
chr21	45926106	45926961	856	7	100	-0.37029702970297	0.37029702970297	-0.367093247508818	0.367093247508818	hypo	case	hg19	0.0418657431077857	0.77	0.77	1.8	0.771172819963416	5
chr20	32031303	32032443	1141	11	100	0.345694569456946	0.345694569456946	0.366293726563682	0.366293726563682	hyper	case	hg19	0.531042992311767	0.77	0.77	1.8	0.771172819963416	5
chr20	896349	897545	1197	7	100	0.263706370637064	0.263706370637064	0.266774318665839	0.266774318665839	hyper	case	hg19	0.609168104333729	0.77	0.77	1.8	0.771172819963416	5
chr21	47855893	47856215	323	5	100	-0.22998299829983	0.22998299829983	-0.230697007781968	0.230697007781968	hypo	case	hg19	0.054672484463197	0.77	0.77	1.8	0.771172819963416	5
chr20	43882990	43883746	757	6	100	0.251285128512851	0.251285128512851	0.275425899009883	0.275425899009883	hyper	case	hg19	0.05414213110998	0.77	0.77	1.8	0.771172819963416	5
chr20	708630	709392	763	5	100	0.196859685968597	0.196859685968597	0.20077824022657	0.20077824022657	hyper	case	hg19	0.916040320346222	0.77	0.916040320346222	1.3	0.842949189257917	5
chr20	44036723	44037519	797	5	100	-0.242344234423442	0.242344234423442	-0.252577091412642	0.252577091412642	hypo	case	hg19	0.470681061746694	0.77	0.77	1.8	0.771172819963416	5
chr20	43343233	43343997	765	6	100	-0.206970697069707	0.206970697069707	-0.193373245362298	0.193373245362298	hypo	case	hg19	0.921269217807634	0.77	0.921269217807634	1.3	0.842949189257917	5
chr21	46293563	46294356	794	10	100	0.316771677167717	0.316771677167717	0.328327718119482	0.328327718119482	hyper	case	hg19	0.396352134194279	0.77	0.77	1.8	0.771172819963416	5
chr21	47551987	47552628	642	5	100	-0.353295329532953	0.353295329532953	-0.362571116783585	0.362571116783585	hypo	case	hg19	0.475167577019187	0.77	0.77	1.8	0.771172819963416	5
chr20	61926731	61927820	1090	5	100	0.292309230923092	0.292309230923092	0.322601312690809	0.322601312690809	hyper	case	hg19	0.373924852003545	0.77	0.77	1.8	0.771172819963416	5
chr20	42838850	42839934	1085	15	100	0.322812281228123	0.322812281228123	0.328221398798153	0.328221398798153	hyper	case	hg19	0.44186173715997	0.77	0.77	1.8	0.771172819963416	5
chr20	1165065	1165703	639	6	100	0.23953395339534	0.23953395339534	0.238272028129632	0.238272028129632	hyper	case	hg19	0.257156530398157	0.77	0.77	1.8	0.771172819963416	5
chr20	11898478	11899258	781	5	100	0.124672467246725	0.124672467246725	0.136771854647098	0.136771854647098	hyper	case	hg19	0.251404080406891	0.77	0.77	1.8	0.771172819963416	5
chr20	6032689	6033866	1178	5	100	0.253405340534053	0.253405340534053	0.268051607037271	0.268051607037271	hyper	case	hg19	0.561392125166386	0.77	0.77	1.8	0.771172819963416	5
chr20	31261784	31262314	531	5	100	0.17969796979698	0.17969796979698	0.172923130467215	0.172923130467215	hyper	case	hg19	0.313003472515656	0.77	0.77	1.8	0.771172819963416	5
chr20	44462035	44463228	1194	8	100	0.299799979998	0.299799979998	0.30087515596332	0.30087515596332	hyper	case	hg19	0.458583231035243	0.77	0.77	1.8	0.771172819963416	5
chr20	43935222	43935551	330	10	100	0.205570557055706	0.205570557055706	0.206218458544032	0.206218458544032	hyper	case	hg19	0.140158154519924	0.77	0.77	1.8	0.771172819963416	5
chr21	36260731	36261071	341	5	100	0.215261526152615	0.215261526152615	0.204932440764409	0.204932440764409	hyper	case	hg19	0.180017191767487	0.77	0.77	1.8	0.771172819963416	5
chr20	30027638	30028893	1256	8	100	-0.224742474247425	0.224742474247425	-0.227183715353918	0.227183715353918	hypo	case	hg19	0.239840688626389	0.77	0.77	1.8	0.771172819963416	5
chr20	56323934	56324509	576	5	100	0.218941894189419	0.218941894189419	0.225106454675497	0.225106454675497	hyper	case	hg19	0.460386523528478	0.77	0.77	1.8	0.771172819963416	5
chr20	62610255	62611299	1045	5	100	0.222862286228623	0.222862286228623	0.225178252219081	0.225178252219081	hyper	case	hg19	0.187586252782806	0.77	0.77	1.8	0.771172819963416	5
chr20	62795341	62796417	1077	11	100	-0.36043604360436	0.36043604360436	-0.351981215876842	0.351981215876842	hypo	case	hg19	0.36814840256593	0.77	0.77	1.8	0.771172819963416	5
chr21	33244742	33246492	1751	10	100	0.293899389938994	0.293899389938994	0.30833563753247	0.30833563753247	hyper	case	hg19	0.185309253449888	0.77	0.77	1.8	0.771172819963416	5
chr21	43161103	43162018	916	5	100	-0.175517551755175	0.175517551755175	-0.189461292920925	0.189461292920925	hypo	case	hg19	0.262577278328754	0.77	0.77	1.8	0.771172819963416	5
chr20	13765341	13766310	970	15	100	0.365876587658766	0.365876587658766	0.365017981855923	0.365017981855923	hyper	case	hg19	0.303462201394953	0.77	0.77	1.8	0.771172819963416	5
chr20	42135422	42137384	1963	9	100	0.310751075107511	0.310751075107511	0.300601466476135	0.300601466476135	hyper	case	hg19	0.192035935112276	0.77	0.77	1.8	0.771172819963416	5
chr21	46077454	46077731	278	5	100	0.118691869186919	0.118691869186919	0.135158702667761	0.135158702667761	hyper	case	hg19	0.42508603615536	0.77	0.77	1.8	0.771172819963416	5
chr20	44167974	44168796	823	5	100	-0.204360436043604	0.204360436043604	-0.214471415994989	0.214471415994989	hypo	case	hg19	0.193721643866254	0.77	0.77	1.8	0.771172819963416	5
chr20	35491355	35492721	1367	8	100	0.354985498549855	0.354985498549855	0.361442195840863	0.361442195840863	hyper	case	hg19	0.292684828044347	0.77	0.77	1.8	0.771172819963416	5
chr21	35831871	35832364	494	10	100	-0.272377237723772	0.272377237723772	-0.263508377826811	0.263508377826811	hypo	case	hg19	0.591808947327636	0.77	0.77	1.8	0.771172819963416	5
chr21	44863611	44864600	990	5	100	-0.350875087508751	0.350875087508751	-0.349735380229038	0.349735380229038	hypo	case	hg19	0.341679093193314	0.77	0.77	1.8	0.771172819963416	5
chr20	5093538	5094433	896	9	100	0.381938193819382	0.381938193819382	0.386736357261641	0.386736357261641	hyper	case	hg19	0.509348414920782	0.77	0.77	1.8	0.771172819963416	5
chr21	31654844	31655982	1139	6	100	-0.234363436343634	0.234363436343634	-0.250446911574084	0.250446911574084	hypo	case	hg19	0.224035924103605	0.77	0.77	1.8	0.771172819963416	5
chr20	47443694	47445432	1739	9	100	0.325312531253125	0.325312531253125	0.339580716022355	0.339580716022355	hyper	case	hg19	0.153149033623741	0.77	0.77	1.8	0.771172819963416	5
chr21	47604052	47605174	1123	7	100	0.314051405140514	0.314051405140514	0.292658354693889	0.292658354693889	hyper	case	hg19	0.0554536337832543	0.77	0.77	1.8	0.771172819963416	5
chr20	21377671	21378560	890	11	100	0.313191319131913	0.313191319131913	0.301373474649903	0.301373474649903	hyper	case	hg19	0.229778909465892	0.77	0.77	1.8	0.771172819963416	5
chr20	34542109	34542777	669	8	100	0.348014801480148	0.348014801480148	0.348016205826392	0.348016205826392	hyper	case	hg19	0.358266565642364	0.77	0.77	1.8	0.771172819963416	5
chr20	48959844	48960348	505	5	100	-0.282428242824282	0.282428242824282	-0.292774634140613	0.292774634140613	hypo	case	hg19	0.239684021424866	0.77	0.77	1.8	0.771172819963416	5
chr21	46359575	46360444	870	8	100	0.352555255525553	0.352555255525553	0.351171591359046	0.351171591359046	hyper	case	hg19	0.207115862178163	0.77	0.77	1.8	0.771172819963416	5
chr20	3140367	3140861	495	13	100	0.326472647264727	0.326472647264727	0.324195323119779	0.324195323119779	hyper	case	hg19	0.601366405791034	0.77	0.77	1.8	0.771172819963416	5
chr20	16555226	16555994	769	7	100	0.300790079007901	0.300790079007901	0.312543984397951	0.312543984397951	hyper	case	hg19	0.168854605807298	0.77	0.77	1.8	0.771172819963416	5
chr21	43135854	43136835	982	7	100	-0.316811681168117	0.316811681168117	-0.318524991155714	0.318524991155714	hypo	case	hg19	0.345022794150268	0.77	0.77	1.8	0.771172819963416	5
chr21	39047670	39047966	297	5	100	0.287668766876688	0.287668766876688	0.291314995424996	0.291314995424996	hyper	case	hg19	0.130069350195877	0.77	0.77	1.8	0.771172819963416	5
chr20	43588633	43589380	748	11	100	0.345414541454145	0.345414541454145	0.34275809333291	0.34275809333291	hyper	case	hg19	0.400217770132889	0.77	0.77	1.8	0.771172819963416	5
chr20	34329383	34330591	1209	13	100	0.312411241124112	0.312411241124112	0.321987366836673	0.321987366836673	hyper	case	hg19	0.133146908171944	0.77	0.77	1.8	0.771172819963416	5
chr21	44846625	44847608	984	5	100	0.223242324232423	0.223242324232423	0.225780662099743	0.225780662099743	hyper	case	hg19	0.109007718385873	0.77	0.77	1.8	0.771172819963416	5
chr20	60961553	60962318	766	11	100	0.301650165016502	0.301650165016502	0.302854207782707	0.302854207782707	hyper	case	hg19	0.587616310719829	0.77	0.77	1.8	0.771172819963416	5
chr20	1293560	1294858	1299	10	100	0.283568356835684	0.283568356835684	0.291244908064079	0.291244908064079	hyper	case	hg19	0.0785193411568638	0.77	0.77	1.8	0.771172819963416	5
chr21	45148332	45149373	1042	7	100	0.272067206720672	0.272067206720672	0.292600084828105	0.292600084828105	hyper	case	hg19	0.385890653066044	0.77	0.77	1.8	0.771172819963416	5
chr21	39643353	39644354	1002	6	100	-0.195879587958796	0.195879587958796	-0.196862128047378	0.196862128047378	hypo	case	hg19	0.24570071357447	0.77	0.77	1.8	0.771172819963416	5
chr20	61808126	61809841	1716	13	100	0.202520252025203	0.202520252025203	0.212586421303382	0.212586421303382	hyper	case	hg19	0.0858274699840007	0.77	0.77	1.8	0.771172819963416	5
chr21	34350407	34351148	742	7	100	-0.361816181618162	0.361816181618162	-0.361730462342946	0.361730462342946	hypo	case	hg19	0.489847727731062	0.77	0.77	1.8	0.771172819963416	5
chr20	18038296	18038771	476	6	100	0.315561556155616	0.315561556155616	0.305274993278366	0.305274993278366	hyper	case	hg19	0.339034432988624	0.77	0.77	1.8	0.771172819963416	5
chr21	46131099	46131923	825	7	100	0.207140714071407	0.207140714071407	0.21568479402147	0.21568479402147	hyper	case	hg19	0.0409138821926439	0.77	0.77	1.8	0.771172819963416	5
chr21	38377938	38379570	1633	7	100	0.327332733273327	0.327332733273327	0.329154864342163	0.329154864342163	hyper	case	hg19	0.324114525693546	0.77	0.77	1.8	0.771172819963416	5
chr20	54986793	54987662	870	9	100	0.33021302130213	0.33021302130213	0.331673435064962	0.331673435064962	hyper	case	hg19	0.302896194852355	0.77	0.77	1.8	0.771172819963416	5
chr20	33577058	33578094	1037	7	100	-0.210881088108811	0.210881088108811	-0.203354017486825	0.203354017486825	hypo	case	hg19	0.560272332939104	0.77	0.77	1.8	0.771172819963416	5
chr20	33265105	33266296	1192	7	100	0.22036203620362	0.22036203620362	0.217765467593161	0.217765467593161	hyper	case	hg19	0.917322277943466	0.77	0.917322277943466	1.3	0.842949189257917	5
chr20	61151391	61151899	509	8	100	-0.228342834283428	0.228342834283428	-0.220046424013752	0.220046424013752	hypo	case	hg19	0.394921860328585	0.77	0.77	1.8	0.771172819963416	5
chr20	25176127	25177340	1214	14	100	0.279287928792879	0.279287928792879	0.283431599970801	0.283431599970801	hyper	case	hg19	0.0754926231839881	0.77	0.77	1.8	0.771172819963416	5
chr20	2674285	2675418	1134	5	100	0.302930293029303	0.302930293029303	0.310133650063637	0.310133650063637	hyper	case	hg19	0.12402134291006	0.77	0.77	1.8	0.771172819963416	5
chr21	38629859	38630728	870	5	100	0.268726872687269	0.268726872687269	0.291529919231731	0.291529919231731	hyper	case	hg19	0.100636877019292	0.77	0.77	1.8	0.771172819963416	5
chr21	47878281	47879575	1295	8	100	0.405400540054005	0.405400540054005	0.407375515492439	0.407375515492439	hyper	case	hg19	0.176307260406929	0.77	0.77	1.8	0.771172819963416	5
chr20	13619254	13620048	795	12	100	0.374987498749875	0.374987498749875	0.374913990887305	0.374913990887305	hyper	case	hg19	0.342665338392126	0.77	0.77	1.8	0.771172819963416	5
chr21	33941714	33942312	599	5	100	0.247144714471447	0.247144714471447	0.251730396552199	0.251730396552199	hyper	case	hg19	0.768908093481856	0.77	0.77	1.8	0.771172819963416	5
chr20	45439769	45440346	578	5	100	-0.0668666866686669	0.0668666866686669	-0.116314915385288	0.116314915385288	hypo	case	hg19	0.479315193825287	0.77	0.77	1.8	0.771172819963416	5
chr20	62183924	62184397	474	6	100	0.17017701770177	0.17017701770177	0.159916709260011	0.159916709260011	hyper	case	hg19	0.244036281062722	0.77	0.77	1.8	0.771172819963416	5
chr20	33734406	33735834	1429	14	100	0.351555155515552	0.351555155515552	0.358786018321999	0.358786018321999	hyper	case	hg19	0.217322243043712	0.77	0.77	1.8	0.771172819963416	5
chr20	61493177	61493341	165	9	100	0.292289228922892	0.292289228922892	0.292459872002897	0.292459872002897	hyper	case	hg19	0.31967375778693	0.77	0.77	1.8	0.771172819963416	5
chr20	30101785	30102855	1071	11	100	0.334813481348135	0.334813481348135	0.336464145337065	0.336464145337065	hyper	case	hg19	0.123615683344935	0.77	0.77	1.8	0.771172819963416	5
chr20	47835750	47836128	379	9	100	0.316111611161116	0.316111611161116	0.32353156469621	0.32353156469621	hyper	case	hg19	0.251621220533772	0.77	0.77	1.8	0.771172819963416	5
chr21	44830477	44831062	586	5	100	-0.205760576057606	0.205760576057606	-0.209766678348867	0.209766678348867	hypo	case	hg19	0.536952696091351	0.77	0.77	1.8	0.771172819963416	5
chr21	47808810	47809310	501	5	100	-0.274067406740674	0.274067406740674	-0.274928678089639	0.274928678089639	hypo	case	hg19	0.0533226295370283	0.77	0.77	1.8	0.771172819963416	5
chr20	23548991	23549525	535	6	100	-0.215471547154716	0.215471547154716	-0.223044817324772	0.223044817324772	hypo	case	hg19	0.0169972537547459	0.77	0.77	1.8	0.771172819963416	5
chr20	62574023	62574518	496	5	100	-0.152315231523152	0.152315231523152	-0.159317519888976	0.159317519888976	hypo	case	hg19	0.27357709971054	0.77	0.77	1.8	0.771172819963416	5
chr20	61273055	61274286	1232	8	100	0.267546754675468	0.267546754675468	0.275536709955067	0.275536709955067	hyper	case	hg19	0.0683236781620414	0.77	0.77	1.8	0.771172819963416	5
chr20	19997606	19998558	953	17	100	0.317971797179718	0.317971797179718	0.329230841122256	0.329230841122256	hyper	case	hg19	0.108715264010343	0.77	0.77	1.8	0.771172819963416	5
chr21	44527180	44528396	1217	10	100	0.323682368236824	0.323682368236824	0.338622428667693	0.338622428667693	hyper	case	hg19	0.262379972785036	0.77	0.77	1.8	0.771172819963416	5
chr21	47294739	47295375	637	5	100	-0.0687468746874688	0.0687468746874688	-0.0808245925088497	0.0808245925088497	hypo	case	hg19	0.063962929902589	0.77	0.77	1.8	0.771172819963416	5
chr21	43274626	43275314	689	5	100	-0.307630763076308	0.307630763076308	-0.320141472873058	0.320141472873058	hypo	case	hg19	0.147026617471361	0.77	0.77	1.8	0.771172819963416	5
chr20	44539966	44541153	1188	10	100	0.251015101510151	0.251015101510151	0.253751835373944	0.253751835373944	hyper	case	hg19	0.840779081492314	0.77	0.840779081492314	1.2	0.838746716895376	5
chr20	42939451	42940274	824	10	100	0.373457345734574	0.373457345734574	0.381137191309275	0.381137191309275	hyper	case	hg19	0.26975555865944	0.77	0.77	1.8	0.771172819963416	5
chr20	57765315	57766896	1582	10	100	-0.334793479347935	0.334793479347935	-0.338757142351122	0.338757142351122	hypo	case	hg19	0.194336383147831	0.77	0.77	1.8	0.771172819963416	5
chr21	46351920	46352817	898	5	100	0.286628662866287	0.286628662866287	0.284442928800921	0.284442928800921	hyper	case	hg19	0.182177796960291	0.77	0.77	1.8	0.771172819963416	5
chr21	48087452	48088150	699	5	100	0.302370237023702	0.302370237023702	0.304222246662447	0.304222246662447	hyper	case	hg19	0.153645871834783	0.77	0.77	1.8	0.771172819963416	5
chr20	35374068	35374881	814	8	100	0.311121112111211	0.311121112111211	0.318832408594243	0.318832408594243	hyper	case	hg19	0.160309310950044	0.77	0.77	1.8	0.771172819963416	5
chr20	62571664	62573077	1414	6	100	-0.17016701670167	0.17016701670167	-0.165805117849527	0.165805117849527	hypo	case	hg19	0.746206926979325	0.77	0.77	1.8	0.771172819963416	5
chr21	43430222	43431529	1308	11	100	0.365756575657566	0.365756575657566	0.367403932600709	0.367403932600709	hyper	case	hg19	0.175808706848984	0.77	0.77	1.8	0.771172819963416	5
chr20	32899426	32900076	651	7	100	0.382398239823982	0.382398239823982	0.400499093192634	0.400499093192634	hyper	case	hg19	0.201469993326067	0.77	0.77	1.8	0.771172819963416	5
chr20	44509606	44510001	396	10	100	0.329342934293429	0.329342934293429	0.338423502040593	0.338423502040593	hyper	case	hg19	0.156337395133455	0.77	0.77	1.8	0.771172819963416	5
chr20	5107135	5108292	1158	12	100	0.368976897689769	0.368976897689769	0.377620613220593	0.377620613220593	hyper	case	hg19	0.120058571791218	0.77	0.77	1.8	0.771172819963416	5
chr20	3229129	3229991	863	5	100	0.300570057005701	0.300570057005701	0.300675385412183	0.300675385412183	hyper	case	hg19	0.137948482356397	0.77	0.77	1.8	0.771172819963416	5
chr21	47531945	47533197	1253	5	100	-0.289228922892289	0.289228922892289	-0.291739918205208	0.291739918205208	hypo	case	hg19	0.364350106088336	0.77	0.77	1.8	0.771172819963416	5
chr21	35883588	35884508	921	5	100	-0.208480848084808	0.208480848084808	-0.216834084381411	0.216834084381411	hypo	case	hg19	0.474460666496711	0.77	0.77	1.8	0.771172819963416	5
chr20	62168463	62169334	872	11	100	0.256105610561056	0.256105610561056	0.259889186320388	0.259889186320388	hyper	case	hg19	0.478924313288349	0.77	0.77	1.8	0.771172819963416	5
chr20	44452633	44453207	575	5	100	0.0941094109410941	0.0941094109410941	0.0787639333830376	0.0787639333830376	hyper	case	hg19	0.208938759710641	0.77	0.77	1.8	0.771172819963416	5
chr20	48729304	48730097	794	8	100	0.323162316231623	0.323162316231623	0.328793075127839	0.328793075127839	hyper	case	hg19	0.207937626235047	0.77	0.77	1.8	0.771172819963416	5
chr20	23618055	23618590	536	5	100	0.283188318831883	0.283188318831883	0.290114276122117	0.290114276122117	hyper	case	hg19	0.115479940982313	0.77	0.77	1.8	0.771172819963416	5
chr20	24929607	24930099	493	5	100	0.304130413041304	0.304130413041304	0.313156489838776	0.313156489838776	hyper	case	hg19	0.129501775643775	0.77	0.77	1.8	0.771172819963416	5
chr20	43743301	43744673	1373	10	100	0.221332133213321	0.221332133213321	0.222792326000153	0.222792326000153	hyper	case	hg19	0.110048274332822	0.77	0.77	1.8	0.771172819963416	5
chr20	32250035	32250213	179	5	100	-0.352875287528753	0.352875287528753	-0.359096779890242	0.359096779890242	hypo	case	hg19	0.252978538538858	0.77	0.77	1.8	0.771172819963416	5
chr20	61915437	61916279	843	5	100	-0.257825782578258	0.257825782578258	-0.2709042575135	0.2709042575135	hypo	case	hg19	0.754000183108675	0.77	0.77	1.8	0.771172819963416	5
chr20	2489047	2490109	1063	14	100	0.282818281828183	0.282818281828183	0.285825426244034	0.285825426244034	hyper	case	hg19	0.0773571301806136	0.77	0.77	1.8	0.771172819963416	5
chr20	30457834	30458745	912	13	100	0.294689468946895	0.294689468946895	0.294008611937995	0.294008611937995	hyper	case	hg19	0.611732933739737	0.77	0.77	1.8	0.771172819963416	5
chr21	41238517	41239488	972	6	100	-0.110961096109611	0.110961096109611	-0.123268579002415	0.123268579002415	hypo	case	hg19	0.0876877727502448	0.77	0.77	1.8	0.771172819963416	5
chr20	62715661	62716606	946	9	100	0.251925192519252	0.251925192519252	0.258334294158689	0.258334294158689	hyper	case	hg19	0.642502285745961	0.77	0.77	1.8	0.771172819963416	5
chr21	38362230	38363160	931	7	100	-0.281608160816082	0.281608160816082	-0.292532976995438	0.292532976995438	hypo	case	hg19	0.133393545495275	0.77	0.77	1.8	0.771172819963416	5
chr21	34774164	34775459	1296	8	100	0.28017801780178	0.28017801780178	0.292798517541137	0.292798517541137	hyper	case	hg19	0.160794491568228	0.77	0.77	1.8	0.771172819963416	5
chr20	39995539	39996177	639	9	100	0.226322632263226	0.226322632263226	0.229340751916385	0.229340751916385	hyper	case	hg19	0.106123948234441	0.77	0.77	1.8	0.771172819963416	5
chr21	45138838	45139816	979	7	100	0.255945594559456	0.255945594559456	0.251496370308562	0.251496370308562	hyper	case	hg19	0.141374171132955	0.77	0.77	1.8	0.771172819963416	5
chr20	18039663	18040012	350	5	100	0.243224322432243	0.243224322432243	0.248186738428248	0.248186738428248	hyper	case	hg19	0.544764808704284	0.77	0.77	1.8	0.771172819963416	5
chr21	42688191	42689051	861	9	100	0.346754675467547	0.346754675467547	0.352145840490333	0.352145840490333	hyper	case	hg19	0.307891401274162	0.77	0.77	1.8	0.771172819963416	5
chr20	33679819	33681223	1405	16	100	0.324852485248525	0.324852485248525	0.321340750055809	0.321340750055809	hyper	case	hg19	0.13259744615748	0.77	0.77	1.8	0.771172819963416	5
chr20	54967037	54967718	682	15	100	0.343894389438944	0.343894389438944	0.349037445848118	0.349037445848118	hyper	case	hg19	0.303066753350779	0.77	0.77	1.8	0.771172819963416	5
chr20	31407338	31408213	876	10	100	0.319111911191119	0.319111911191119	0.316592603658782	0.316592603658782	hyper	case	hg19	0.438362316404976	0.77	0.77	1.8	0.771172819963416	5
chr21	38063872	38065524	1653	5	100	0.229222922292229	0.229222922292229	0.231758341880331	0.231758341880331	hyper	case	hg19	0.541516652720823	0.77	0.77	1.8	0.771172819963416	5
chr20	61846766	61848140	1375	13	100	0.305710571057106	0.305710571057106	0.304408582546575	0.304408582546575	hyper	case	hg19	0.00972489830535905	0.77	0.77	1.8	0.771172819963416	5
chr21	44898090	44899410	1321	7	100	0.0979097909790979	0.0979097909790979	0.101976913685532	0.101976913685532	hyper	case	hg19	0.0356768284269433	0.77	0.77	1.8	0.771172819963416	5
chr20	14318152	14318410	259	6	100	0.235913591359136	0.235913591359136	0.227878168311378	0.227878168311378	hyper	case	hg19	0.285125443425661	0.77	0.77	1.8	0.771172819963416	5
chr20	33413560	33413713	154	6	100	0.23992399239924	0.23992399239924	0.242959540751896	0.242959540751896	hyper	case	hg19	0.219452683229342	0.77	0.77	1.8	0.771172819963416	5
chr20	25228251	25228731	481	8	100	0.264816481648165	0.264816481648165	0.264797815504931	0.264797815504931	hyper	case	hg19	0.271385967273736	0.77	0.77	1.8	0.771172819963416	5
chr20	60540388	60541082	695	5	100	0.175997599759976	0.175997599759976	0.190184393492216	0.190184393492216	hyper	case	hg19	0.0447434212121107	0.77	0.77	1.8	0.771172819963416	5
chr21	30391383	30392289	907	8	100	0.219041904190419	0.219041904190419	0.235102239163027	0.235102239163027	hyper	case	hg19	0.155435355127136	0.77	0.77	1.8	0.771172819963416	5
chr20	3451292	3451627	336	8	100	0.19007900790079	0.19007900790079	0.188908371945246	0.188908371945246	hyper	case	hg19	0.845374731937664	0.77	0.845374731937664	1.3	0.842949189257917	5
chr20	47662406	47663660	1255	13	100	0.327132713271327	0.327132713271327	0.33031257415229	0.33031257415229	hyper	case	hg19	0.0834785227024393	0.77	0.77	1.8	0.771172819963416	5
chr20	39968231	39969604	1374	12	100	0.261216121612161	0.261216121612161	0.258149435320108	0.258149435320108	hyper	case	hg19	0.118947788912931	0.77	0.77	1.8	0.771172819963416	5
chr20	55904114	55905076	963	11	100	-0.298189818981898	0.298189818981898	-0.313071246554066	0.313071246554066	hypo	case	hg19	0.107894151981351	0.77	0.77	1.8	0.771172819963416	5
chr20	58515340	58515891	552	8	100	0.278597859785979	0.278597859785979	0.27977449997929	0.27977449997929	hyper	case	hg19	0.0600202940419359	0.77	0.77	1.8	0.771172819963416	5
chr20	36155925	36157764	1840	54	100	0.353975397539754	0.353975397539754	0.352904738781748	0.352904738781748	hyper	case	hg19	0.686161140931699	0.77	0.77	1.8	0.771172819963416	5
chr20	13279761	13280201	441	6	100	-0.271797179717972	0.271797179717972	-0.274214425889919	0.274214425889919	hypo	case	hg19	0.547762082719981	0.77	0.77	1.8	0.771172819963416	5
chr21	37667639	37668481	843	5	100	-0.222342234223422	0.222342234223422	-0.233890068064117	0.233890068064117	hypo	case	hg19	0.199469454269382	0.77	0.77	1.8	0.771172819963416	5
chr21	34851087	34852857	1771	11	100	0.318531853185319	0.318531853185319	0.328467722877505	0.328467722877505	hyper	case	hg19	0.196110152368978	0.77	0.77	1.8	0.771172819963416	5
chr20	25128211	25129562	1352	17	100	0.25958595859586	0.25958595859586	0.245659672664881	0.245659672664881	hyper	case	hg19	0.515580931697573	0.77	0.77	1.8	0.771172819963416	5
chr21	43221380	43221841	462	5	100	-0.198079807980798	0.198079807980798	-0.19641648074112	0.19641648074112	hypo	case	hg19	0.234079156579495	0.77	0.77	1.8	0.771172819963416	5
chr20	2632587	2633870	1284	12	100	0.31042104210421	0.31042104210421	0.311816863370884	0.311816863370884	hyper	case	hg19	0.0426904637549338	0.77	0.77	1.8	0.771172819963416	5
chr21	37691747	37692840	1094	13	100	0.387438743874387	0.387438743874387	0.38780981908995	0.38780981908995	hyper	case	hg19	0.105057257609667	0.77	0.77	1.8	0.771172819963416	5
chr20	62151993	62153431	1439	10	100	0.15026502650265	0.15026502650265	0.146561754374615	0.146561754374615	hyper	case	hg19	0.021318401227231	0.77	0.77	1.8	0.771172819963416	5
chr21	46824701	46825190	490	6	100	0.213361336133613	0.213361336133613	0.218266222333886	0.218266222333886	hyper	case	hg19	0.959520198033408	0.77	0.959520198033408	1.3	0.842949189257917	5
chr21	40759534	40759694	161	5	100	0.207980798079808	0.207980798079808	0.178527518093036	0.178527518093036	hyper	case	hg19	0.243448803275711	0.77	0.77	1.8	0.771172819963416	5
chr20	62197219	62199190	1972	9	100	0.183298329832983	0.183298329832983	0.173478091607381	0.173478091607381	hyper	case	hg19	0.314176164415045	0.77	0.77	1.8	0.771172819963416	5
chr20	6750617	6751435	819	6	100	0.285098509850985	0.285098509850985	0.282663254798293	0.282663254798293	hyper	case	hg19	0.107828214377764	0.77	0.77	1.8	0.771172819963416	5
chr21	46696626	46697213	588	7	100	-0.277827782778278	0.277827782778278	-0.300798014778202	0.300798014778202	hypo	case	hg19	0.285351591717974	0.77	0.77	1.8	0.771172819963416	5
chr20	57556052	57556776	725	7	100	0.215721572157216	0.215721572157216	0.225293370161238	0.225293370161238	hyper	case	hg19	0.406038682097653	0.77	0.77	1.8	0.771172819963416	5
chr20	2844659	2845218	560	7	100	-0.213761376137614	0.213761376137614	-0.22054045430732	0.22054045430732	hypo	case	hg19	0.500029356469039	0.77	0.77	1.8	0.771172819963416	5
chr20	17662865	17663972	1108	6	100	0.284188418841884	0.284188418841884	0.291252625927129	0.291252625927129	hyper	case	hg19	0.211023458684581	0.77	0.77	1.8	0.771172819963416	5
chr20	61435439	61436024	586	7	100	0.27042704270427	0.27042704270427	0.280028328499438	0.280028328499438	hyper	case	hg19	0.339304611018788	0.77	0.77	1.8	0.771172819963416	5
chr21	42218551	42219853	1303	11	100	-0.254785478547855	0.254785478547855	-0.251826807491611	0.251826807491611	hypo	case	hg19	0.190189027970204	0.77	0.77	1.8	0.771172819963416	5
chr20	36151003	36151683	681	5	100	-0.365256525652565	0.365256525652565	-0.38539624241472	0.38539624241472	hypo	case	hg19	0.226932091654963	0.77	0.77	1.8	0.771172819963416	5
chr20	25603976	25605178	1203	13	100	0.336153615361536	0.336153615361536	0.325437396585691	0.325437396585691	hyper	case	hg19	0.54789283164056	0.77	0.77	1.8	0.771172819963416	5
chr20	44600160	44601447	1288	14	100	0.340474047404741	0.340474047404741	0.341623017688113	0.341623017688113	hyper	case	hg19	0.266691660228476	0.77	0.77	1.8	0.771172819963416	5
chr20	43752871	43753652	782	6	100	-0.225152515251525	0.225152515251525	-0.224767648967849	0.224767648967849	hypo	case	hg19	0.449751283532652	0.77	0.77	1.8	0.771172819963416	5
chr20	48522263	48523133	871	5	100	-0.340854085408541	0.340854085408541	-0.340255067334644	0.340255067334644	hypo	case	hg19	0.0899680437320167	0.77	0.77	1.8	0.771172819963416	5
chr21	44781686	44782872	1187	6	100	0.249324932493249	0.249324932493249	0.251957487784043	0.251957487784043	hyper	case	hg19	0.252426306206147	0.77	0.77	1.8	0.771172819963416	5
chr20	35723994	35724900	907	13	100	0.317511751175118	0.317511751175118	0.328915949448477	0.328915949448477	hyper	case	hg19	0.124064537822529	0.77	0.77	1.8	0.771172819963416	5
chr20	42875645	42876091	447	9	100	0.288348834883488	0.288348834883488	0.293172101652651	0.293172101652651	hyper	case	hg19	0.81156230515981	0.77	0.81156230515981	0.8	0.808101035146134	5
chr20	44650068	44650449	382	8	100	0.251145114511451	0.251145114511451	0.260140343296663	0.260140343296663	hyper	case	hg19	0.420862818642462	0.77	0.77	1.8	0.771172819963416	5
chr20	52199520	52199778	259	5	100	0.241004100410041	0.241004100410041	0.25019763502	0.25019763502	hyper	case	hg19	0.189379302534326	0.77	0.77	1.8	0.771172819963416	5
chr21	38069950	38071066	1117	14	100	0.279127912791279	0.279127912791279	0.291705693135484	0.291705693135484	hyper	case	hg19	0.358179957974771	0.77	0.77	1.8	0.771172819963416	5
chr20	44485762	44486710	949	11	100	0.312711271127113	0.312711271127113	0.303518516868687	0.303518516868687	hyper	case	hg19	0.481726950038258	0.77	0.77	1.8	0.771172819963416	5
chr20	42355625	42356308	684	5	100	-0.2001800180018	0.2001800180018	-0.186309027846115	0.186309027846115	hypo	case	hg19	0.149580060310171	0.77	0.77	1.8	0.771172819963416	5
chr20	21494084	21495476	1393	12	100	0.315311531153115	0.315311531153115	0.307959315269042	0.307959315269042	hyper	case	hg19	0.327815155613305	0.77	0.77	1.8	0.771172819963416	5
chr20	58533022	58533713	692	5	100	-0.344534453445345	0.344534453445345	-0.351194616113607	0.351194616113607	hypo	case	hg19	0.0923322060528703	0.77	0.77	1.8	0.771172819963416	5
chr20	31446183	31447081	899	7	100	-0.31007100710071	0.31007100710071	-0.317521936665474	0.317521936665474	hypo	case	hg19	0.080452028237359	0.77	0.77	1.8	0.771172819963416	5
chr20	34699419	34700376	958	6	100	-0.185268526852685	0.185268526852685	-0.196410506044336	0.196410506044336	hypo	case	hg19	0.413293295033601	0.77	0.77	1.8	0.771172819963416	5
chr20	60528758	60529758	1001	5	100	-0.125212521252125	0.125212521252125	-0.143859508820378	0.143859508820378	hypo	case	hg19	0.0669734168336908	0.77	0.77	1.8	0.771172819963416	5
chr20	44657637	44658225	589	7	100	0.207120712071207	0.207120712071207	0.207991347835973	0.207991347835973	hyper	case	hg19	0.0679297325858136	0.77	0.77	1.8	0.771172819963416	5
chr21	34696676	34697899	1224	7	100	0.276027602760276	0.276027602760276	0.275555680458715	0.275555680458715	hyper	case	hg19	0.68097883142569	0.77	0.77	1.8	0.771172819963416	5
chr20	61583537	61584159	623	10	100	0.271597159715972	0.271597159715972	0.267599977962417	0.267599977962417	hyper	case	hg19	0.160876015604149	0.77	0.77	1.8	0.771172819963416	5
chr20	4802684	4804052	1369	7	100	0.324332433243324	0.324332433243324	0.327249341083771	0.327249341083771	hyper	case	hg19	0.319429181444139	0.77	0.77	1.8	0.771172819963416	5
chr20	61446962	61448890	1929	42	100	0.306300630063006	0.306300630063006	0.307294533532705	0.307294533532705	hyper	case	hg19	0.642016419371997	0.77	0.77	1.8	0.771172819963416	5
chr21	36261693	36262239	547	5	100	0.225222522252225	0.225222522252225	0.229980808600646	0.229980808600646	hyper	case	hg19	0.246585180646589	0.77	0.77	1.8	0.771172819963416	5
chr21	40822476	40823722	1247	5	100	-0.154515451545155	0.154515451545155	-0.17339512552286	0.17339512552286	hypo	case	hg19	0.804384085272334	0.77	0.804384085272334	0.7	0.802161543675983	5
chr20	44044586	44045117	532	11	100	0.331893189318932	0.331893189318932	0.33563836394444	0.33563836394444	hyper	case	hg19	0.0599299661089695	0.77	0.77	1.8	0.771172819963416	5
chr20	60981909	60982814	906	9	100	0.365596559655966	0.365596559655966	0.365871902345245	0.365871902345245	hyper	case	hg19	0.232001517113944	0.77	0.77	1.8	0.771172819963416	5
chr20	61200716	61201650	935	5	100	0.226242624262426	0.226242624262426	0.258011857786618	0.258011857786618	hyper	case	hg19	0.193997095597706	0.77	0.77	1.8	0.771172819963416	5
chr20	30539544	30540671	1128	12	100	0.322012201220122	0.322012201220122	0.330069483719278	0.330069483719278	hyper	case	hg19	0.145057256278514	0.77	0.77	1.8	0.771172819963416	5
chr21	45744181	45745105	925	6	100	-0.308000800080008	0.308000800080008	-0.312834725354407	0.312834725354407	hypo	case	hg19	0.0837161666539399	0.77	0.77	1.8	0.771172819963416	5
chr20	17511410	17512795	1386	9	100	0.354955495549555	0.354955495549555	0.370010684530944	0.370010684530944	hyper	case	hg19	0.389458173001125	0.77	0.77	1.8	0.771172819963416	5
chr20	48552706	48553533	828	8	100	0.318861886188619	0.318861886188619	0.316417785589736	0.316417785589736	hyper	case	hg19	0.196280173230893	0.77	0.77	1.8	0.771172819963416	5
chr20	388401	388801	401	10	100	0.375717571757176	0.375717571757176	0.383896277335811	0.383896277335811	hyper	case	hg19	0.378918269126244	0.77	0.77	1.8	0.771172819963416	5
chr21	15587812	15588848	1037	10	100	0.254915491549155	0.254915491549155	0.253781942682164	0.253781942682164	hyper	case	hg19	0.0795295993395567	0.77	0.77	1.8	0.771172819963416	5
chr20	2796729	2797721	993	7	100	-0.391279127912791	0.391279127912791	-0.398295310301447	0.398295310301447	hypo	case	hg19	0.0419343205658442	0.77	0.77	1.8	0.771172819963416	5
chr20	2516256	2517613	1358	8	100	-0.255475547554756	0.255475547554756	-0.253743842877386	0.253743842877386	hypo	case	hg19	0.647531920435788	0.77	0.77	1.8	0.771172819963416	5
chr20	33543028	33544183	1156	10	100	0.313381338133813	0.313381338133813	0.325054257413975	0.325054257413975	hyper	case	hg19	0.257615954427005	0.77	0.77	1.8	0.771172819963416	5
chr20	18567975	18569196	1222	12	100	0.328182818281828	0.328182818281828	0.330473352023578	0.330473352023578	hyper	case	hg19	0.0276040406731458	0.77	0.77	1.8	0.771172819963416	5
chr20	2820742	2821816	1075	16	100	0.334423442344234	0.334423442344234	0.337224526198476	0.337224526198476	hyper	case	hg19	0.184989292736805	0.77	0.77	1.8	0.771172819963416	5
chr20	55966053	55966838	786	9	100	0.236823682368237	0.236823682368237	0.244843854090484	0.244843854090484	hyper	case	hg19	0.00833793386131122	0.77	0.77	1.8	0.771172819963416	5
chr21	30364895	30366250	1356	12	100	0.246554655465547	0.246554655465547	0.249119259199461	0.249119259199461	hyper	case	hg19	0.15491044528067	0.77	0.77	1.8	0.771172819963416	5
chr21	34143261	34145043	1783	13	100	0.333333333333333	0.333333333333333	0.32501792057944	0.32501792057944	hyper	case	hg19	0.111109653175841	0.77	0.77	1.8	0.771172819963416	5
chr20	45985339	45986173	835	9	100	0.328592859285929	0.328592859285929	0.330505045070734	0.330505045070734	hyper	case	hg19	0.515337565716359	0.77	0.77	1.8	0.771172819963416	5
chr21	37258460	37259564	1105	5	100	-0.296049604960496	0.296049604960496	-0.28854817302767	0.28854817302767	hypo	case	hg19	0.827332662666361	0.77	0.827332662666361	1.6	0.822954569127704	5
chr21	34392029	34392851	823	5	100	0.341214121412141	0.341214121412141	0.351613049593447	0.351613049593447	hyper	case	hg19	0.615817448897636	0.77	0.77	1.8	0.771172819963416	5
chr20	62037503	62038660	1158	7	100	-0.295849584958496	0.295849584958496	-0.306201849985563	0.306201849985563	hypo	case	hg19	0.469008510832947	0.77	0.77	1.8	0.771172819963416	5
chr20	48099146	48099890	745	9	100	0.286528652865287	0.286528652865287	0.292650673624646	0.292650673624646	hyper	case	hg19	0.125143853394307	0.77	0.77	1.8	0.771172819963416	5
chr21	30257342	30257770	429	5	100	0.186498649864987	0.186498649864987	0.191591409446235	0.191591409446235	hyper	case	hg19	0.0935902181231683	0.77	0.77	1.8	0.771172819963416	5
chr20	5986407	5988223	1817	17	100	0.308130813081308	0.308130813081308	0.311086449021181	0.311086449021181	hyper	case	hg19	0.562930237854885	0.77	0.77	1.8	0.771172819963416	5
chr21	33783773	33784769	997	6	100	0.338333833383338	0.338333833383338	0.33715129010616	0.33715129010616	hyper	case	hg19	0.113305851336617	0.77	0.77	1.8	0.771172819963416	5
chr20	36793373	36794002	630	13	100	0.303090309030903	0.303090309030903	0.298230683565214	0.298230683565214	hyper	case	hg19	0.846356645099406	0.77	0.846356645099406	1.3	0.842949189257917	5
chr20	32581542	32582425	884	5	100	0.183378337833783	0.183378337833783	0.184271480899751	0.184271480899751	hyper	case	hg19	0.339174092554113	0.77	0.77	1.8	0.771172819963416	5
chr21	38072998	38074478	1481	7	100	0.28038803880388	0.28038803880388	0.284922092111782	0.284922092111782	hyper	case	hg19	0.393759824689993	0.77	0.77	1.8	0.771172819963416	5
chr21	45552320	45554033	1714	12	100	0.357815781578158	0.357815781578158	0.354362363064701	0.354362363064701	hyper	case	hg19	0.149422857826842	0.77	0.77	1.8	0.771172819963416	5
chr20	61339804	61340885	1082	10	100	0.311861186118612	0.311861186118612	0.299808491660301	0.299808491660301	hyper	case	hg19	0.0912483114248519	0.77	0.77	1.8	0.771172819963416	5
chr20	21683478	21684417	940	5	100	0.242644264426443	0.242644264426443	0.251348172288532	0.251348172288532	hyper	case	hg19	0.758448888691414	0.77	0.77	1.8	0.771172819963416	5
chr20	57874942	57876201	1260	13	100	0.310591059105911	0.310591059105911	0.307110245671789	0.307110245671789	hyper	case	hg19	0.0600636221924513	0.77	0.77	1.8	0.771172819963416	5
chr20	62710295	62711744	1450	11	100	0.276107610761076	0.276107610761076	0.28632730833757	0.28632730833757	hyper	case	hg19	0.343383526884426	0.77	0.77	1.8	0.771172819963416	5
chr20	60638679	60640074	1396	9	100	-0.18017801780178	0.18017801780178	-0.194113902636112	0.194113902636112	hypo	case	hg19	0.68316996154601	0.77	0.77	1.8	0.771172819963416	5
chr20	30073209	30073576	368	6	100	0.158595859585959	0.158595859585959	0.183781461728614	0.183781461728614	hyper	case	hg19	0.0786714312022465	0.77	0.77	1.8	0.771172819963416	5
chr20	3189311	3190600	1290	14	100	0.328922892289229	0.328922892289229	0.334928908390622	0.334928908390622	hyper	case	hg19	0.556836363430942	0.77	0.77	1.8	0.771172819963416	5
chr20	37062621	37064504	1884	14	100	0.301690169016902	0.301690169016902	0.305461630227836	0.305461630227836	hyper	case	hg19	0.32105428885409	0.77	0.77	1.8	0.771172819963416	5
chr20	36322069	36322585	517	10	100	0.275797579757976	0.275797579757976	0.282373385389711	0.282373385389711	hyper	case	hg19	0.870352862507012	0.77	0.870352862507012	1.3	0.842949189257917	5
chr20	3748106	3748878	773	7	100	0.309410941094109	0.309410941094109	0.318343540309209	0.318343540309209	hyper	case	hg19	0.0737555307357049	0.77	0.77	1.8	0.771172819963416	5
chr20	48769996	48770800	805	9	100	0.410981098109811	0.410981098109811	0.402504408560943	0.402504408560943	hyper	case	hg19	0.282201442841037	0.77	0.77	1.8	0.771172819963416	5
chr20	304978	306364	1387	12	100	0.298219821982198	0.298219821982198	0.317108418840408	0.317108418840408	hyper	case	hg19	0.378518935916587	0.77	0.77	1.8	0.771172819963416	5
chr21	36164119	36165083	965	6	100	-0.246104610461046	0.246104610461046	-0.245171385161327	0.245171385161327	hypo	case	hg19	0.102979956733144	0.77	0.77	1.8	0.771172819963416	5
chr20	30795283	30795840	558	11	100	0.326052605260526	0.326052605260526	0.327184093704625	0.327184093704625	hyper	case	hg19	0.257682277871038	0.77	0.77	1.8	0.771172819963416	5
chr20	62338235	62339512	1278	14	100	0.316531653165317	0.316531653165317	0.319845363922408	0.319845363922408	hyper	case	hg19	0.481930485415341	0.77	0.77	1.8	0.771172819963416	5
chr20	49410810	49412184	1375	12	100	0.30977097709771	0.30977097709771	0.316110455166857	0.316110455166857	hyper	case	hg19	0.11006002417013	0.77	0.77	1.8	0.771172819963416	5
chr20	5451661	5451900	240	7	100	-0.241484148414841	0.241484148414841	-0.23842773519568	0.23842773519568	hypo	case	hg19	0.191731537448911	0.77	0.77	1.8	0.771172819963416	5
chr20	55043471	55043745	275	8	100	0.307720772077208	0.307720772077208	0.310692129600879	0.310692129600879	hyper	case	hg19	0.162735444313351	0.77	0.77	1.8	0.771172819963416	5
chr20	56293564	56294175	612	5	100	0.272487248724872	0.272487248724872	0.264145431390502	0.264145431390502	hyper	case	hg19	0.266727678209797	0.77	0.77	1.8	0.771172819963416	5
chr20	57797319	57798303	985	5	100	0.250585058505851	0.250585058505851	0.273366365031509	0.273366365031509	hyper	case	hg19	0.355448271299854	0.77	0.77	1.8	0.771172819963416	5
chr20	7999698	8000706	1009	11	100	0.293989398939894	0.293989398939894	0.293257554283654	0.293257554283654	hyper	case	hg19	0.205200252293461	0.77	0.77	1.8	0.771172819963416	5
chr20	62496256	62496646	391	9	100	0.345074507450745	0.345074507450745	0.349865977718076	0.349865977718076	hyper	case	hg19	0.117519227979229	0.77	0.77	1.8	0.771172819963416	5
chr20	37074185	37075853	1669	13	100	0.356015601560156	0.356015601560156	0.359117538065161	0.359117538065161	hyper	case	hg19	0.177083441683985	0.77	0.77	1.8	0.771172819963416	5
chr21	46962202	46962793	592	7	100	0.399039903990399	0.399039903990399	0.399437756018141	0.399437756018141	hyper	case	hg19	0.428566571164157	0.77	0.77	1.8	0.771172819963416	5
chr21	45712938	45713719	782	6	100	-0.243674367436744	0.243674367436744	-0.254182459023639	0.254182459023639	hypo	case	hg19	0.716554232918677	0.77	0.77	1.8	0.771172819963416	5
chr20	5591615	5591950	336	9	100	0.359435943594359	0.359435943594359	0.35644587804727	0.35644587804727	hyper	case	hg19	0.253560977620297	0.77	0.77	1.8	0.771172819963416	5
chr20	20032580	20033533	954	12	100	0.285528552855286	0.285528552855286	0.286883217133653	0.286883217133653	hyper	case	hg19	0.211106800703993	0.77	0.77	1.8	0.771172819963416	5
chr21	43916159	43917260	1102	12	100	0.337953795379538	0.337953795379538	0.331249229240306	0.331249229240306	hyper	case	hg19	0.213785736477877	0.77	0.77	1.8	0.771172819963416	5
chr20	37302636	37303484	849	7	100	0.292549254925493	0.292549254925493	0.298899575215573	0.298899575215573	hyper	case	hg19	0.4521797910403	0.77	0.77	1.8	0.771172819963416	5
chr20	18547762	18548475	714	13	100	0.335873587358736	0.335873587358736	0.334730818485879	0.334730818485879	hyper	case	hg19	0.241524773147372	0.77	0.77	1.8	0.771172819963416	5
chr20	4795444	4796176	733	8	100	0.284638463846385	0.284638463846385	0.287393648631737	0.287393648631737	hyper	case	hg19	0.524375172810846	0.77	0.77	1.8	0.771172819963416	5
chr20	60813121	60814142	1022	9	100	0.297049704970497	0.297049704970497	0.298277548071708	0.298277548071708	hyper	case	hg19	0.266454539578252	0.77	0.77	1.8	0.771172819963416	5
chr20	9494838	9495596	759	10	100	0.318471847184718	0.318471847184718	0.311258263382632	0.311258263382632	hyper	case	hg19	0.719972879788991	0.77	0.77	1.8	0.771172819963416	5
chr20	655888	657309	1422	10	100	0.264726472647265	0.264726472647265	0.270320064519636	0.270320064519636	hyper	case	hg19	0.476850392300121	0.77	0.77	1.8	0.771172819963416	5
chr20	23331171	23332145	975	10	100	0.241794179417942	0.241794179417942	0.24351344883482	0.24351344883482	hyper	case	hg19	0.289580028527356	0.77	0.77	1.8	0.771172819963416	5
chr20	35443978	35444560	583	6	100	-0.208580858085809	0.208580858085809	-0.201364320652114	0.201364320652114	hypo	case	hg19	0.121922529425886	0.77	0.77	1.8	0.771172819963416	5
chr20	47934568	47935683	1116	5	100	0.321572157215722	0.321572157215722	0.329509077574123	0.329509077574123	hyper	case	hg19	0.516174114483152	0.77	0.77	1.8	0.771172819963416	5
chr20	30406582	30407388	807	12	100	-0.237983798379838	0.237983798379838	-0.242853286478127	0.242853286478127	hypo	case	hg19	0.0726193469367108	0.77	0.77	1.8	0.771172819963416	5
chr20	40247070	40247988	919	13	100	0.252385238523852	0.252385238523852	0.250522092557018	0.250522092557018	hyper	case	hg19	0.33354813703945	0.77	0.77	1.8	0.771172819963416	5
chr20	58179244	58180616	1373	12	100	0.324672467246725	0.324672467246725	0.337575163371017	0.337575163371017	hyper	case	hg19	0.88193566381635	0.77	0.88193566381635	1.3	0.842949189257917	5
chr21	46850449	46850840	392	5	100	-0.296869686968697	0.296869686968697	-0.295095491621896	0.295095491621896	hypo	case	hg19	0.444503720455871	0.77	0.77	1.8	0.771172819963416	5
chr21	38639178	38640479	1302	11	100	0.398839883988399	0.398839883988399	0.397076635117245	0.397076635117245	hyper	case	hg19	0.20394040511091	0.77	0.77	1.8	0.771172819963416	5
chr21	33764900	33765737	838	9	100	0.334853485348535	0.334853485348535	0.346696899424187	0.346696899424187	hyper	case	hg19	0.132797331065446	0.77	0.77	1.8	0.771172819963416	5
chr21	36041334	36043248	1915	13	100	0.256945694569457	0.256945694569457	0.279100340940343	0.279100340940343	hyper	case	hg19	0.0734840766920667	0.77	0.77	1.8	0.771172819963416	5
chr20	865780	866087	308	5	100	0.217361736173617	0.217361736173617	0.216218265116109	0.216218265116109	hyper	case	hg19	0.395019003835484	0.77	0.77	1.8	0.771172819963416	5
chr20	62205530	62205981	452	9	100	0.324832483248325	0.324832483248325	0.34011178102569	0.34011178102569	hyper	case	hg19	0.142440419756712	0.77	0.77	1.8	0.771172819963416	5
chr21	45402464	45402728	265	5	100	-0.29046904690469	0.29046904690469	-0.289318442929931	0.289318442929931	hypo	case	hg19	0.279584299356427	0.77	0.77	1.8	0.771172819963416	5
chr20	62886664	62887534	871	9	100	0.3000100010001	0.3000100010001	0.296336322018243	0.296336322018243	hyper	case	hg19	0.796453115081486	0.77	0.796453115081486	1	0.794737148237701	5
chr20	62130111	62131260	1150	7	100	0.33959395939594	0.33959395939594	0.354356208814173	0.354356208814173	hyper	case	hg19	0.691280317652612	0.77	0.77	1.8	0.771172819963416	5
chr20	62200091	62200854	764	7	100	-0.196319631963196	0.196319631963196	-0.20258219227551	0.20258219227551	hypo	case	hg19	0.108610807754245	0.77	0.77	1.8	0.771172819963416	5
chr20	3025968	3027467	1500	11	100	0.336953695369537	0.336953695369537	0.341514759257379	0.341514759257379	hyper	case	hg19	0.0386114297956656	0.77	0.77	1.8	0.771172819963416	5
chr21	46340776	46341389	614	8	100	-0.0894089408940894	0.0894089408940894	-0.0854118432090323	0.0854118432090323	hypo	case	hg19	0.311112200839642	0.77	0.77	1.8	0.771172819963416	5
chr20	62320580	62321379	800	5	100	-0.402820282028203	0.402820282028203	-0.392274153584463	0.392274153584463	hypo	case	hg19	0.328344044634951	0.77	0.77	1.8	0.771172819963416	5
chr20	57606607	57607775	1169	13	100	0.278367836783678	0.278367836783678	0.277173138865245	0.277173138865245	hyper	case	hg19	0.279715618020977	0.77	0.77	1.8	0.771172819963416	5
