seqnames	start	end	width	strand	cov	num_sites	delta_beta	delta_beta_abs	case_group	chr
chr1	919386	920680	1295	*	100	12	0.129392055059164	0.129392055059164	Condition2	chr1
chr1	940500	942497	1998	*	100	8	0.198744264670369	0.198744264670369	Condition2	chr1
chr1	1084480	1085920	1441	*	100	10	0.152469210335668	0.152469210335668	Condition2	chr1
chr1	1312549	1313113	565	*	100	5	-0.208947114223618	0.208947114223618	Condition2	chr1
chr1	1561030	1561557	528	*	100	5	0.132697416083072	0.132697416083072	Condition2	chr1
chr1	1782505	1782833	329	*	100	5	0.248068099492876	0.248068099492876	Condition2	chr1
chr1	2025634	2026367	734	*	100	6	0.316544916686791	0.316544916686791	Condition2	chr1
chr1	2259411	2260220	810	*	100	5	-0.0646884810432263	0.0646884810432263	Condition2	chr1
chr1	2518102	2519601	1500	*	100	7	-0.167049021975368	0.167049021975368	Condition2	chr1
chr1	3163322	3164918	1597	*	100	6	-0.258331320936972	0.258331320936972	Condition2	chr1
chr1	3787228	3787950	723	*	100	5	-0.182594783868631	0.182594783868631	Condition2	chr1
chr1	4772320	4772806	487	*	100	5	-0.247041777348467	0.247041777348467	Condition2	chr1
chr1	8325336	8326512	1177	*	100	6	-0.171803308379618	0.171803308379618	Condition2	chr1
chr1	8878642	8879471	830	*	100	10	0.205656846172422	0.205656846172422	Condition2	chr1
chr1	9026087	9026590	504	*	100	5	-0.149661917411253	0.149661917411253	Condition2	chr1
chr1	9909366	9911058	1693	*	100	13	0.265847621347501	0.265847621347501	Condition2	chr1
chr1	10647397	10648035	639	*	100	6	-0.136319729533929	0.136319729533929	Condition2	chr1
chr1	11272519	11273521	1003	*	100	9	-0.257486114465105	0.257486114465105	Condition2	chr1
chr1	11858330	11859643	1314	*	100	10	-0.13656121709732	0.13656121709732	Condition2	chr1
chr1	15246961	15247607	647	*	100	9	0.210275295822265	0.210275295822265	Condition2	chr1
chr1	16227676	16228490	815	*	100	5	-0.0646884810432263	0.0646884810432263	Condition2	chr1
chr1	18374109	18374478	370	*	100	5	0.135233035498672	0.135233035498672	Condition2	chr1
chr1	19678921	19679330	410	*	100	5	-0.241306447717943	0.241306447717943	Condition2	chr1
chr1	20507321	20508843	1523	*	100	14	-0.273122434194639	0.273122434194639	Condition2	chr1
chr1	22143221	22143851	631	*	100	5	0.0845206471866699	0.0845206471866699	Condition2	chr1
chr1	22451901	22452357	457	*	100	6	-0.150929727119053	0.150929727119053	Condition2	chr1
chr1	25819514	25821648	2135	*	100	17	-0.180723255252354	0.180723255252354	Condition2	chr1
chr1	26034581	26036267	1687	*	100	7	0.204177734846655	0.204177734846655	Condition2	chr1
chr1	26045374	26046917	1544	*	100	11	0.199710214923931	0.199710214923931	Condition2	chr1
chr1	26233812	26234835	1024	*	100	14	-0.121226756822024	0.121226756822024	Condition2	chr1
chr1	28232519	28234033	1515	*	100	13	0.151080656846172	0.151080656846172	Condition2	chr1
chr1	28552905	28553347	443	*	100	6	0.1786253320454	0.1786253320454	Condition2	chr1
chr1	29181352	29182296	945	*	100	11	-0.165147307413668	0.165147307413668	Condition2	chr1
chr1	31788305	31788720	416	*	100	5	-0.175591644530307	0.175591644530307	Condition2	chr1
chr1	32361788	32362591	804	*	100	11	-0.217580294614827	0.217580294614827	Condition2	chr1
chr1	34858973	34860518	1546	*	100	16	0.228628350639942	0.228628350639942	Condition2	chr1
chr1	38046558	38046992	435	*	100	6	0.0810794494083554	0.0810794494083554	Condition2	chr1
chr1	43147502	43147936	435	*	100	7	0.19415600096595	0.19415600096595	Condition2	chr1
chr1	43530379	43531075	697	*	100	5	0.0653223858971264	0.0653223858971264	Condition2	chr1
chr1	43935077	43936851	1775	*	100	9	-0.295973194880464	0.295973194880464	Condition2	chr1
chr1	43978545	43979024	480	*	100	5	0.10115310311519	0.10115310311519	Condition2	chr1
chr1	45010446	45011315	870	*	100	7	0.172512678097078	0.172512678097078	Condition2	chr1
chr1	45550451	45551097	647	*	100	11	0.174172905095388	0.174172905095388	Condition2	chr1
chr1	45686330	45687301	972	*	100	9	-0.279733156242454	0.279733156242454	Condition2	chr1
chr1	47231757	47232455	699	*	100	8	0.177297150446752	0.177297150446752	Condition2	chr1
chr1	52054921	52056223	1303	*	100	10	0.178761168799807	0.178761168799807	Condition2	chr1
chr1	53061763	53063320	1558	*	100	9	0.202487321902922	0.202487321902922	Condition2	chr1
chr1	54257540	54258453	914	*	100	6	-0.154808621106013	0.154808621106013	Condition2	chr1
chr1	59296372	59297158	787	*	100	10	-0.141330596474282	0.141330596474282	Condition2	chr1
chr1	61081459	61084311	2853	*	100	20	0.229896160347742	0.229896160347742	Condition2	chr1
chr1	65419864	65420953	1090	*	100	9	0.174836995894711	0.174836995894711	Condition2	chr1
chr1	74673680	74674606	927	*	100	8	-0.13141451340256	0.13141451340256	Condition2	chr1
chr1	75133960	75134737	778	*	100	7	-0.133693552282057	0.133693552282057	Condition2	chr1
chr1	75785852	75786754	903	*	100	8	0.130765515575948	0.130765515575948	Condition2	chr1
chr1	88683695	88684766	1072	*	100	11	-0.181357160106255	0.181357160106255	Condition2	chr1
chr1	90706780	90707676	897	*	100	6	-0.31083977300169	0.31083977300169	Condition2	chr1
chr1	90716658	90720366	3709	*	100	23	0.204962569427675	0.204962569427675	Condition2	chr1
chr1	94819696	94820756	1061	*	100	11	0.181326974160831	0.181326974160831	Condition2	chr1
chr1	100249542	100250031	490	*	100	7	-0.32944940835547	0.32944940835547	Condition2	chr1
chr1	101996487	101997322	836	*	100	11	0.169312967882154	0.169312967882154	Condition2	chr1
chr1	109909860	109911442	1583	*	100	8	-0.199800772760203	0.199800772760203	Condition2	chr1
chr1	111200398	111200790	393	*	100	5	-0.147065926104806	0.147065926104806	Condition2	chr1
chr1	112673312	112675793	2482	*	100	12	-0.306764670369476	0.306764670369476	Condition2	chr1
chr1	112722788	112723262	475	*	100	5	-0.134599130644772	0.134599130644772	Condition2	chr1
chr1	116167606	116168719	1114	*	100	7	-0.153254044916687	0.153254044916687	Condition2	chr1
chr1	145719366	145719952	587	*	100	5	-0.114374547210819	0.114374547210819	Condition2	chr1
chr1	149927535	149927927	393	*	100	5	0.125362231345086	0.125362231345086	Condition2	chr1
chr1	150697205	150697947	743	*	100	6	-0.212750543347018	0.212750543347018	Condition2	chr1
chr1	151197951	151198582	632	*	100	10	0.194880463656122	0.194880463656122	Condition2	chr1
chr1	151611602	151613230	1629	*	100	15	0.202608065684617	0.202608065684617	Condition2	chr1
chr1	151762452	151764206	1755	*	100	11	-0.230318763583675	0.230318763583675	Condition2	chr1
chr1	151789785	151791672	1888	*	100	12	0.31028133301135	0.31028133301135	Condition2	chr1
chr1	151909498	151910200	703	*	100	8	-0.244355228205747	0.244355228205747	Condition2	chr1
chr1	153356537	153358301	1765	*	100	11	0.307021250905578	0.307021250905578	Condition2	chr1
chr1	153921987	153923486	1500	*	100	12	0.193325887466795	0.193325887466795	Condition2	chr1
chr1	154993007	154993729	723	*	100	5	0.0833433953151413	0.0833433953151413	Condition2	chr1
chr1	155032989	155033885	897	*	100	5	0.130161796667472	0.130161796667472	Condition2	chr1
chr1	155207077	155209464	2388	*	100	13	-0.193884327457136	0.193884327457136	Condition2	chr1
chr1	156020005	156021092	1088	*	100	7	-0.110963535377928	0.110963535377928	Condition2	chr1
chr1	156212445	156213306	862	*	100	8	0.142100338082589	0.142100338082589	Condition2	chr1
chr1	160366685	160367249	565	*	100	6	0.135202849553248	0.135202849553248	Condition2	chr1
chr1	162069359	162070170	812	*	100	8	-0.112518111567254	0.112518111567254	Condition2	chr1
chr1	165445095	165445921	827	*	100	11	-0.298659744023183	0.298659744023183	Condition2	chr1
chr1	166988996	166989347	352	*	100	9	-0.134991547935281	0.134991547935281	Condition2	chr1
chr1	167094344	167094855	512	*	100	6	-0.22195725670128	0.22195725670128	Condition2	chr1
chr1	168135982	168137494	1513	*	100	11	-0.257395556628834	0.257395556628834	Condition2	chr1
chr1	175023178	175023726	549	*	100	8	-0.190201642115431	0.190201642115431	Condition2	chr1
chr1	179591565	179592366	802	*	100	7	0.137285679787491	0.137285679787491	Condition2	chr1
chr1	183417993	183418974	982	*	100	6	0.167713112774692	0.167713112774692	Condition2	chr1
chr1	201170750	201171676	927	*	100	5	0.11763462931659	0.11763462931659	Condition2	chr1
chr1	201282854	201283566	713	*	100	7	0.165449166867906	0.165449166867906	Condition2	chr1
chr1	202810369	202811379	1011	*	100	6	0.254724100458826	0.254724100458826	Condition2	chr1
chr1	202966555	202967987	1433	*	100	11	0.152499396281092	0.152499396281092	Condition2	chr1
chr1	203007201	203007799	599	*	100	10	0.179470538517266	0.179470538517266	Condition2	chr1
chr1	203026118	203027414	1297	*	100	7	0.391360782419705	0.391360782419705	Condition2	chr1
chr1	205773794	205775621	1828	*	100	9	-0.304244143926588	0.304244143926588	Condition2	chr1
chr1	205812594	205813745	1152	*	100	11	-0.249426467036948	0.249426467036948	Condition2	chr1
chr1	209625376	209626009	634	*	100	5	-0.0932745713595751	0.0932745713595751	Condition2	chr1
chr1	216600866	216601615	750	*	100	6	0.14694518232311	0.14694518232311	Condition2	chr1
chr1	224330128	224330578	451	*	100	10	-0.175169041294373	0.175169041294373	Condition2	chr1
chr1	225652674	225653949	1276	*	100	7	-0.154219995170249	0.154219995170249	Condition2	chr1
chr1	226062660	226063303	644	*	100	7	0.0966553972470419	0.0966553972470419	Condition2	chr1
chr1	227815371	227816375	1005	*	100	6	-0.15977420912823	0.15977420912823	Condition2	chr1
chr1	234531341	234531804	464	*	100	6	0.2519017145617	0.2519017145617	Condition2	chr1
chr1	236141041	236143468	2428	*	100	15	-0.289090799323835	0.289090799323835	Condition2	chr1
chr1	236281041	236282565	1525	*	100	11	0.170067616517749	0.170067616517749	Condition2	chr1
chr1	236603966	236605067	1102	*	100	11	-0.180904370924897	0.180904370924897	Condition2	chr1
chr1	243255178	243256229	1052	*	100	12	-0.256927674474765	0.256927674474765	Condition2	chr1
chr1	244047572	244048773	1202	*	100	8	0.149767568220237	0.149767568220237	Condition2	chr1
chr1	247330948	247331949	1002	*	100	8	-0.146250905578363	0.146250905578363	Condition2	chr1
chr2	438095	439338	1244	*	100	5	0.100368268534171	0.100368268534171	Condition2	chr2
chr2	731073	732038	966	*	100	6	0.200691258150205	0.200691258150205	Condition2	chr2
chr2	1539449	1540703	1255	*	100	10	-0.15209188601787	0.15209188601787	Condition2	chr2
chr2	9950845	9951769	925	*	100	7	-0.198774450615793	0.198774450615793	Condition2	chr2
chr2	26172286	26174286	2001	*	100	11	-0.33135112291717	0.33135112291717	Condition2	chr2
chr2	29920719	29922287	1569	*	100	11	-0.285921275054335	0.285921275054335	Condition2	chr2
chr2	31233875	31234743	869	*	100	12	-0.301150084520647	0.301150084520647	Condition2	chr2
chr2	32039424	32040053	630	*	100	11	0.393111567254286	0.393111567254286	Condition2	chr2
chr2	42810261	42811445	1185	*	100	6	-0.296908959188602	0.296908959188602	Condition2	chr2
chr2	44928062	44930475	2414	*	100	11	-0.182836271432021	0.182836271432021	Condition2	chr2
chr2	64143556	64144677	1122	*	100	12	0.191665660468486	0.191665660468486	Condition2	chr2
chr2	69642893	69644554	1662	*	100	9	0.134085969572567	0.134085969572567	Condition2	chr2
chr2	74178643	74179397	755	*	100	10	-0.332573653706834	0.332573653706834	Condition2	chr2
chr2	74714680	74715402	723	*	100	5	0.264036464622072	0.264036464622072	Condition2	chr2
chr2	88627381	88628234	854	*	100	11	0.125784834581019	0.125784834581019	Condition2	chr2
chr2	95165167	95166088	922	*	100	12	-0.148439386621589	0.148439386621589	Condition2	chr2
chr2	95273591	95274958	1368	*	100	6	-0.201053489495291	0.201053489495291	Condition2	chr2
chr2	97645489	97646461	973	*	100	11	0.219059405940594	0.219059405940594	Condition2	chr2
chr2	97712874	97713558	685	*	100	7	0.160196812364163	0.160196812364163	Condition2	chr2
chr2	104871868	104873192	1325	*	100	7	-0.116970538517266	0.116970538517266	Condition2	chr2
chr2	107985905	107986789	885	*	100	11	-0.119808017387105	0.119808017387105	Condition2	chr2
chr2	108533857	108535137	1281	*	100	7	0.165056749577397	0.165056749577397	Condition2	chr2
chr2	108719171	108719314	144	*	100	5	-0.220206471866699	0.220206471866699	Condition2	chr2
chr2	115161168	115162253	1086	*	100	6	-0.107341221927071	0.107341221927071	Condition2	chr2
chr2	119247647	119248180	534	*	100	5	-0.14923931417532	0.14923931417532	Condition2	chr2
chr2	121736657	121737299	643	*	100	6	-0.151412702245834	0.151412702245834	Condition2	chr2
chr2	127205491	127206015	525	*	100	6	-0.209279159623279	0.209279159623279	Condition2	chr2
chr2	136764717	136765473	757	*	100	5	-0.163396522579087	0.163396522579087	Condition2	chr2
chr2	148887825	148888366	542	*	100	6	0.174731345085728	0.174731345085728	Condition2	chr2
chr2	151289356	151290431	1076	*	100	7	0.179606375271674	0.179606375271674	Condition2	chr2
chr2	153870972	153871956	985	*	100	7	-0.438118811881188	0.438118811881188	Condition2	chr2
chr2	169479213	169479599	387	*	100	6	-0.131852209611205	0.131852209611205	Condition2	chr2
chr2	176104086	176105781	1696	*	100	8	0.296335426225549	0.296335426225549	Condition2	chr2
chr2	191847179	191848250	1072	*	100	6	0.182534411977783	0.182534411977783	Condition2	chr2
chr2	197309818	197311098	1281	*	100	5	0.0941801497222893	0.0941801497222893	Condition2	chr2
chr2	201781127	201781399	273	*	100	8	-0.13877988408597	0.13877988408597	Condition2	chr2
chr2	202237790	202239041	1252	*	100	8	0.242468606616759	0.242468606616759	Condition2	chr2
chr2	202912137	202912275	139	*	100	5	-0.0654129437333978	0.0654129437333978	Condition2	chr2
chr2	207529105	207530834	1730	*	100	11	-0.237321902922	0.237321902922	Condition2	chr2
chr2	208123729	208125515	1787	*	100	9	0.298931417531997	0.298931417531997	Condition2	chr2
chr2	215434725	215436850	2126	*	100	11	0.118057232552524	0.118057232552524	Condition2	chr2
chr2	222423612	222426289	2678	*	100	12	-0.265213716493601	0.265213716493601	Condition2	chr2
chr2	230847552	230848267	716	*	100	5	-0.145858488287853	0.145858488287853	Condition2	chr2
chr2	230864252	230866074	1823	*	100	10	-0.321389760927312	0.321389760927312	Condition2	chr2
chr2	231781196	231781977	782	*	100	12	0.393971866698865	0.393971866698865	Condition2	chr2
chr2	232633247	232634928	1682	*	100	12	-0.098375996136199	0.098375996136199	Condition2	chr2
chr2	233060079	233060566	488	*	100	8	-0.16928278193673	0.16928278193673	Condition2	chr2
chr2	235811594	235813587	1994	*	100	14	0.146748973677856	0.146748973677856	Condition2	chr2
chr2	238140751	238141386	636	*	100	5	0.085456411494808	0.085456411494808	Condition2	chr2
chr2	238288306	238289142	837	*	100	6	0.243645858488288	0.243645858488288	Condition2	chr2
chr2	239139112	239140658	1547	*	100	10	-0.129890123158657	0.129890123158657	Condition2	chr2
chr2	239358281	239358600	320	*	100	5	0.283415841584158	0.283415841584158	Condition2	chr2
chr2	240129727	240130873	1147	*	100	8	-0.152227722772277	0.152227722772277	Condition2	chr2
chr2	240820747	240821413	667	*	100	5	0.17625573532963	0.17625573532963	Condition2	chr2
chr2	241558180	241559235	1056	*	100	7	-0.163396522579087	0.163396522579087	Condition2	chr2
chr2	241701434	241702075	642	*	100	7	-0.227330354986718	0.227330354986718	Condition2	chr2
chr2	241723828	241724826	999	*	100	5	0.223617483699589	0.223617483699589	Condition2	chr2
chr2	241815899	241816804	906	*	100	6	0.254573170731707	0.254573170731707	Condition2	chr2
chr2	241871482	241873281	1800	*	100	10	0.184858729775417	0.184858729775417	Condition2	chr2
chr3	4983076	4983279	204	*	100	5	0.272790388794977	0.272790388794977	Condition2	chr3
chr3	11564958	11565688	731	*	100	5	-0.289000241487563	0.289000241487563	Condition2	chr3
chr3	11704709	11705292	584	*	100	5	-0.180783627143202	0.180783627143202	Condition2	chr3
chr3	12556832	12557876	1045	*	100	9	-0.189597923206955	0.189597923206955	Condition2	chr3
chr3	15331219	15333080	1862	*	100	12	-0.300953875875392	0.300953875875392	Condition2	chr3
chr3	38453032	38453895	864	*	100	6	0.192405216131369	0.192405216131369	Condition2	chr3
chr3	40476647	40477308	662	*	100	6	0.0953121226756822	0.0953121226756822	Condition2	chr3
chr3	42581458	42582371	914	*	100	9	0.206109635353779	0.206109635353779	Condition2	chr3
chr3	42600198	42601285	1088	*	100	14	-0.253033687515093	0.253033687515093	Condition2	chr3
chr3	44021823	44022341	519	*	100	6	-0.16128350639942	0.16128350639942	Condition2	chr3
chr3	44241543	44242346	804	*	100	11	0.25990099009901	0.25990099009901	Condition2	chr3
chr3	45688315	45689914	1600	*	100	24	0.288683289060613	0.288683289060613	Condition2	chr3
chr3	48847181	48848159	979	*	100	11	-0.119053368751509	0.119053368751509	Condition2	chr3
chr3	49554195	49554320	126	*	100	5	0.12080415358609	0.12080415358609	Condition2	chr3
chr3	50102677	50102953	277	*	100	6	-0.281483941077035	0.281483941077035	Condition2	chr3
chr3	51941754	51942868	1115	*	100	15	-0.181236416324559	0.181236416324559	Condition2	chr3
chr3	52444858	52445615	758	*	100	8	-0.310673750301859	0.310673750301859	Condition2	chr3
chr3	58237029	58237801	773	*	100	7	-0.198442405216131	0.198442405216131	Condition2	chr3
chr3	58433648	58434211	564	*	100	9	-0.307775899541174	0.307775899541174	Condition2	chr3
chr3	64443931	64445115	1185	*	100	6	0.142975730499879	0.142975730499879	Condition2	chr3
chr3	69762494	69763823	1330	*	100	7	0.22425138855349	0.22425138855349	Condition2	chr3
chr3	72655173	72655551	379	*	100	5	0.121045641149481	0.121045641149481	Condition2	chr3
chr3	107429525	107431186	1662	*	100	8	0.198698985752234	0.198698985752234	Condition2	chr3
chr3	113838615	113839086	472	*	100	5	-0.302221685583192	0.302221685583192	Condition2	chr3
chr3	126394484	126395222	739	*	100	11	0.173689929968607	0.173689929968607	Condition2	chr3
chr3	130649214	130649552	339	*	100	6	-0.23534472349674	0.23534472349674	Condition2	chr3
chr3	133573251	133574617	1367	*	100	10	-0.177070755856073	0.177070755856073	Condition2	chr3
chr3	135965265	135966587	1323	*	100	12	0.117770466070997	0.117770466070997	Condition2	chr3
chr3	138115389	138115914	526	*	100	10	-0.309632335184738	0.309632335184738	Condition2	chr3
chr3	138348508	138349012	505	*	100	7	0.150175078483458	0.150175078483458	Condition2	chr3
chr3	141367978	141368522	545	*	100	5	-0.168075344119778	0.168075344119778	Condition2	chr3
chr3	141776631	141777162	532	*	100	5	-0.206502052644289	0.206502052644289	Condition2	chr3
chr3	142225053	142225678	626	*	100	6	0.185100217338807	0.185100217338807	Condition2	chr3
chr3	149969215	149971882	2668	*	100	14	-0.206743540207679	0.206743540207679	Condition2	chr3
chr3	150972396	150973024	629	*	100	8	-0.156438662158899	0.156438662158899	Condition2	chr3
chr3	155852486	155855164	2679	*	100	18	0.278691741125332	0.278691741125332	Condition2	chr3
chr3	156673905	156675042	1138	*	100	6	-0.312092489736779	0.312092489736779	Condition2	chr3
chr3	160754768	160756585	1818	*	100	8	-0.219195242695001	0.219195242695001	Condition2	chr3
chr3	169772775	169773497	723	*	100	9	-0.205385172663608	0.205385172663608	Condition2	chr3
chr3	170418371	170420418	2048	*	100	14	-0.184692707075586	0.184692707075586	Condition2	chr3
chr3	170907730	170909241	1512	*	100	13	-0.194518232311036	0.194518232311036	Condition2	chr3
chr3	172750367	172751311	945	*	100	5	0.215527650326008	0.215527650326008	Condition2	chr3
chr3	180989479	180990120	642	*	100	5	-0.108578845689447	0.108578845689447	Condition2	chr3
chr3	181723557	181724350	794	*	100	7	-0.176889640183531	0.176889640183531	Condition2	chr3
chr3	183252887	183255245	2359	*	100	19	-0.257486114465105	0.257486114465105	Condition2	chr3
chr3	183555457	183556107	651	*	100	5	0.155216131369234	0.155216131369234	Condition2	chr3
chr3	186567179	186567834	656	*	100	9	-0.272458343395315	0.272458343395315	Condition2	chr3
chr3	187745506	187746057	552	*	100	8	-0.207920792079208	0.207920792079208	Condition2	chr3
chr3	190862633	190863110	478	*	100	5	-0.128139338324076	0.128139338324076	Condition2	chr3
chr3	191328591	191330965	2375	*	100	16	0.17086754407148	0.17086754407148	Condition2	chr3
chr3	195105682	195106563	882	*	100	5	-0.115763100700314	0.115763100700314	Condition2	chr3
chr3	196318351	196318468	118	*	100	5	-0.110540932141995	0.110540932141995	Condition2	chr3
chr3	197682511	197683110	600	*	100	5	-0.0767326732673267	0.0767326732673267	Condition2	chr3
chr4	973536	974035	500	*	100	9	0.308832407631007	0.308832407631007	Condition2	chr4
chr4	1002061	1002493	433	*	100	5	-0.254316590195605	0.254316590195605	Condition2	chr4
chr4	1220820	1222264	1445	*	100	7	-0.290117121468244	0.290117121468244	Condition2	chr4
chr4	1300644	1301291	648	*	100	6	-0.153827577879739	0.153827577879739	Condition2	chr4
chr4	1358502	1360561	2060	*	100	11	-0.107311035981647	0.107311035981647	Condition2	chr4
chr4	1362815	1363797	983	*	100	5	-0.205687032117846	0.205687032117846	Condition2	chr4
chr4	2843508	2844429	922	*	100	8	-0.293829992755373	0.293829992755373	Condition2	chr4
chr4	3512263	3513074	812	*	100	5	0.186428398937455	0.186428398937455	Condition2	chr4
chr4	4247880	4249020	1141	*	100	13	0.143262496981405	0.143262496981405	Condition2	chr4
chr4	4541574	4542299	726	*	100	11	-0.127807292924414	0.127807292924414	Condition2	chr4
chr4	4861043	4863176	2134	*	100	18	-0.168196087901473	0.168196087901473	Condition2	chr4
chr4	5888149	5889025	877	*	100	8	0.148907268775658	0.148907268775658	Condition2	chr4
chr4	11427361	11429736	2376	*	100	16	0.134055783627143	0.134055783627143	Condition2	chr4
chr4	13530998	13531522	525	*	100	5	-0.133693552282057	0.133693552282057	Condition2	chr4
chr4	20984000	20984624	625	*	100	5	0.192767447476455	0.192767447476455	Condition2	chr4
chr4	39458329	39460102	1774	*	100	16	-0.182790992513886	0.182790992513886	Condition2	chr4
chr4	39637669	39639301	1633	*	100	16	0.200283747886984	0.200283747886984	Condition2	chr4
chr4	40056724	40058237	1514	*	100	12	0.271960275295822	0.271960275295822	Condition2	chr4
chr4	41213342	41214866	1525	*	100	13	-0.126841342670852	0.126841342670852	Condition2	chr4
chr4	41748345	41748985	641	*	100	6	-0.237080415358609	0.237080415358609	Condition2	chr4
chr4	41990050	41990976	927	*	100	11	0.180753441197778	0.180753441197778	Condition2	chr4
chr4	47913684	47915078	1395	*	100	12	-0.198216010625453	0.198216010625453	Condition2	chr4
chr4	54232891	54234102	1212	*	100	5	-0.101243660951461	0.101243660951461	Condition2	chr4
chr4	73069369	73070091	723	*	100	10	0.155185945423811	0.155185945423811	Condition2	chr4
chr4	84480990	84482257	1268	*	100	7	-0.132878531755615	0.132878531755615	Condition2	chr4
chr4	85474838	85475613	776	*	100	9	0.256007003139338	0.256007003139338	Condition2	chr4
chr4	87006503	87007439	937	*	100	13	0.319729533929003	0.319729533929003	Condition2	chr4
chr4	99949485	99951011	1527	*	100	11	0.236657812122676	0.236657812122676	Condition2	chr4
chr4	107930892	107932231	1340	*	100	11	-0.246498430330838	0.246498430330838	Condition2	chr4
chr4	109301650	109303133	1484	*	100	18	0.277454117362956	0.277454117362956	Condition2	chr4
chr4	118352206	118353683	1478	*	100	7	0.318461724221203	0.318461724221203	Condition2	chr4
chr4	120066254	120067470	1217	*	100	10	0.2468304757305	0.2468304757305	Condition2	chr4
chr4	121950162	121952027	1866	*	100	13	0.160770345327216	0.160770345327216	Condition2	chr4
chr4	125314639	125315662	1024	*	100	6	-0.293316831683168	0.293316831683168	Condition2	chr4
chr4	153295383	153296063	681	*	100	6	-0.321284110118329	0.321284110118329	Condition2	chr4
chr4	154626339	154627381	1043	*	100	7	-0.231677131127747	0.231677131127747	Condition2	chr4
chr4	163343368	163344671	1304	*	100	10	0.223134508572809	0.223134508572809	Condition2	chr4
chr4	168317980	168318860	881	*	100	9	0.126871528616276	0.126871528616276	Condition2	chr4
chr4	176319616	176320701	1086	*	100	7	-0.358669403525718	0.358669403525718	Condition2	chr4
chr4	183443934	183445084	1151	*	100	8	-0.334611205022941	0.334611205022941	Condition2	chr4
chr5	472430	473338	909	*	100	6	-0.102300169041294	0.102300169041294	Condition2	chr5
chr5	611811	612847	1037	*	100	11	0.236657812122676	0.236657812122676	Condition2	chr5
chr5	1438053	1438417	365	*	100	5	-0.301104805602512	0.301104805602512	Condition2	chr5
chr5	1799603	1801791	2189	*	100	17	-0.261108427915962	0.261108427915962	Condition2	chr5
chr5	2007014	2008600	1587	*	100	9	-0.220508331320937	0.220508331320937	Condition2	chr5
chr5	2537096	2537721	626	*	100	8	0.169418618691137	0.169418618691137	Condition2	chr5
chr5	3285821	3286183	363	*	100	6	-0.178066892055059	0.178066892055059	Condition2	chr5
chr5	3822672	3823397	726	*	100	5	-0.20278918135716	0.20278918135716	Condition2	chr5
chr5	5139345	5139891	547	*	100	13	-0.272277227722772	0.272277227722772	Condition2	chr5
chr5	5421101	5423230	2130	*	100	13	-0.154914271914996	0.154914271914996	Condition2	chr5
chr5	16701085	16701473	389	*	100	5	0.0825283747886984	0.0825283747886984	Condition2	chr5
chr5	23506921	23507548	628	*	100	6	0.134991547935281	0.134991547935281	Condition2	chr5
chr5	43019558	43020526	969	*	100	8	-0.223330717218063	0.223330717218063	Condition2	chr5
chr5	43037021	43037565	545	*	100	6	0.229865974402318	0.229865974402318	Condition2	chr5
chr5	62412341	62413165	825	*	100	11	0.119958947114224	0.119958947114224	Condition2	chr5
chr5	73119602	73120851	1250	*	100	11	0.28477420912823	0.28477420912823	Condition2	chr5
chr5	73450516	73452145	1630	*	100	9	-0.245230620623038	0.245230620623038	Condition2	chr5
chr5	74641316	74641870	555	*	100	6	-0.14511893262497	0.14511893262497	Condition2	chr5
chr5	77076731	77077979	1249	*	100	6	0.204917290509539	0.204917290509539	Condition2	chr5
chr5	80082886	80083487	602	*	100	5	0.114344361265395	0.114344361265395	Condition2	chr5
chr5	81971708	81972548	841	*	100	6	0.107145013281816	0.107145013281816	Condition2	chr5
chr5	86617481	86617974	494	*	100	8	0.163592731224342	0.163592731224342	Condition2	chr5
chr5	115179929	115180726	798	*	100	10	0.166837720357402	0.166837720357402	Condition2	chr5
chr5	126464674	126465225	552	*	100	5	-0.129256218304757	0.129256218304757	Condition2	chr5
chr5	132227155	132228229	1075	*	100	11	-0.179968606616759	0.179968606616759	Condition2	chr5
chr5	133967912	133968876	965	*	100	8	-0.104654672784352	0.104654672784352	Condition2	chr5
chr5	134370783	134371331	549	*	100	9	0.217399178942285	0.217399178942285	Condition2	chr5
chr5	140345508	140347105	1598	*	100	7	0.110299444578604	0.110299444578604	Condition2	chr5
chr5	140827875	140828617	743	*	100	7	-0.145918860178701	0.145918860178701	Condition2	chr5
chr5	140875208	140875865	658	*	100	5	-0.166716976575706	0.166716976575706	Condition2	chr5
chr5	141208567	141208853	287	*	100	5	0.115370683409804	0.115370683409804	Condition2	chr5
chr5	141354976	141355979	1004	*	100	8	-0.132667230137648	0.132667230137648	Condition2	chr5
chr5	141923341	141924336	996	*	100	12	0.358322265153345	0.358322265153345	Condition2	chr5
chr5	142613617	142614931	1315	*	100	5	-0.162189084762135	0.162189084762135	Condition2	chr5
chr5	147508882	147510139	1258	*	100	9	0.287973919343154	0.287973919343154	Condition2	chr5
chr5	149581268	149581749	482	*	100	8	-0.316484544795943	0.316484544795943	Condition2	chr5
chr5	149960295	149961299	1005	*	100	13	0.174384206713354	0.174384206713354	Condition2	chr5
chr5	150624673	150625357	685	*	100	6	0.221987442646704	0.221987442646704	Condition2	chr5
chr5	151924286	151926186	1901	*	100	13	-0.389127022458343	0.389127022458343	Condition2	chr5
chr5	154445503	154446227	725	*	100	6	-0.237276624003864	0.237276624003864	Condition2	chr5
chr5	154478264	154479490	1227	*	100	10	-0.177508452064719	0.177508452064719	Condition2	chr5
chr5	154482623	154483193	571	*	100	5	-0.307836271432021	0.307836271432021	Condition2	chr5
chr5	157670837	157672025	1189	*	100	9	0.216131369234484	0.216131369234484	Condition2	chr5
chr5	169636931	169637527	597	*	100	5	0.1173931417532	0.1173931417532	Condition2	chr5
chr5	169980435	169981298	864	*	100	5	0.0758572808500362	0.0758572808500362	Condition2	chr5
chr5	170388767	170390244	1478	*	100	7	0.0823170731707317	0.0823170731707317	Condition2	chr5
chr5	170744242	170744798	557	*	100	5	0.137587539241729	0.137587539241729	Condition2	chr5
chr5	171336687	171337149	463	*	100	8	0.141692827819367	0.141692827819367	Condition2	chr5
chr5	172770486	172772603	2118	*	100	23	-0.0928821540690654	0.0928821540690654	Condition2	chr5
chr5	173236728	173237437	710	*	100	5	0.165660468485873	0.165660468485873	Condition2	chr5
chr5	177086703	177087432	730	*	100	8	-0.25158476213475	0.25158476213475	Condition2	chr5
chr5	178589194	178591186	1993	*	100	16	0.176844361265395	0.176844361265395	Condition2	chr5
chr5	179550122	179550641	520	*	100	10	0.182534411977783	0.182534411977783	Condition2	chr5
chr5	180126589	180127594	1006	*	100	5	0.186579328664574	0.186579328664574	Condition2	chr5
chr5	180644816	180645421	606	*	100	5	0.0746800289785076	0.0746800289785076	Condition2	chr5
chr6	1635343	1635613	271	*	100	6	-0.15628773243178	0.15628773243178	Condition2	chr6
chr6	3847984	3849873	1890	*	100	33	-0.166475489012316	0.166475489012316	Condition2	chr6
chr6	7389311	7390108	798	*	100	16	-0.159411977783144	0.159411977783144	Condition2	chr6
chr6	8101899	8102860	962	*	100	8	0.165615189567737	0.165615189567737	Condition2	chr6
chr6	10382567	10383572	1006	*	100	9	0.197657570635112	0.197657570635112	Condition2	chr6
chr6	10881658	10882008	351	*	100	7	0.199166867906303	0.199166867906303	Condition2	chr6
chr6	13328337	13328853	517	*	100	8	-0.222893021009418	0.222893021009418	Condition2	chr6
chr6	13615245	13616306	1062	*	100	8	-0.116608307172181	0.116608307172181	Condition2	chr6
chr6	13814333	13814742	410	*	100	5	0.127475247524752	0.127475247524752	Condition2	chr6
chr6	13924124	13925337	1214	*	100	15	0.186579328664574	0.186579328664574	Condition2	chr6
chr6	17280320	17282629	2310	*	100	19	-0.157661192948563	0.157661192948563	Condition2	chr6
chr6	24125832	24126103	272	*	100	8	0.173931417531997	0.173931417531997	Condition2	chr6
chr6	26457700	26458262	563	*	100	6	-0.284970417773485	0.284970417773485	Condition2	chr6
chr6	28259107	28259705	599	*	100	11	0.110933349432504	0.110933349432504	Condition2	chr6
chr6	28336146	28336675	530	*	100	10	0.41864887708283	0.41864887708283	Condition2	chr6
chr6	29458108	29458544	437	*	100	5	0.189356435643564	0.189356435643564	Condition2	chr6
chr6	29744198	29744765	568	*	100	5	-0.110540932141995	0.110540932141995	Condition2	chr6
chr6	30162332	30164939	2608	*	100	32	0.197476454962569	0.197476454962569	Condition2	chr6
chr6	30171701	30172596	896	*	100	19	0.143745472108186	0.143745472108186	Condition2	chr6
chr6	30491735	30493022	1288	*	100	10	-0.269530306689206	0.269530306689206	Condition2	chr6
chr6	30987605	30989020	1416	*	100	15	-0.193159864766965	0.193159864766965	Condition2	chr6
chr6	31170834	31172020	1187	*	100	7	0.313269741608307	0.313269741608307	Condition2	chr6
chr6	31639095	31639872	778	*	100	6	0.150839169282782	0.150839169282782	Condition2	chr6
chr6	31651736	31653989	2254	*	100	50	0.257471021492393	0.257471021492393	Condition2	chr6
chr6	31657463	31658616	1154	*	100	7	0.144862352088867	0.144862352088867	Condition2	chr6
chr6	31659138	31661423	2286	*	100	38	-0.294026201400628	0.294026201400628	Condition2	chr6
chr6	31668004	31670240	2237	*	100	18	-0.228100096595025	0.228100096595025	Condition2	chr6
chr6	31682983	31683515	533	*	100	16	-0.245924897367786	0.245924897367786	Condition2	chr6
chr6	31719860	31720926	1067	*	100	8	-0.284970417773485	0.284970417773485	Condition2	chr6
chr6	31870625	31871249	625	*	100	14	-0.221232794011108	0.221232794011108	Condition2	chr6
chr6	31886474	31889324	2851	*	100	52	0.198065080898334	0.198065080898334	Condition2	chr6
chr6	32066545	32067668	1124	*	100	7	0.220629075102632	0.220629075102632	Condition2	chr6
chr6	32113714	32114013	300	*	100	5	0.0738348225066409	0.0738348225066409	Condition2	chr6
chr6	32186670	32187365	696	*	100	5	-0.135323593334943	0.135323593334943	Condition2	chr6
chr6	32832220	32833273	1054	*	100	11	0.263674233276986	0.263674233276986	Condition2	chr6
chr6	33270316	33274711	4396	*	100	50	-0.275537309828544	0.275537309828544	Condition2	chr6
chr6	33311786	33321943	10158	*	100	156	0.235465467278435	0.235465467278435	Condition2	chr6
chr6	33407580	33408286	707	*	100	5	0.164090799323835	0.164090799323835	Condition2	chr6
chr6	34696438	34697380	943	*	100	8	0.192465588022217	0.192465588022217	Condition2	chr6
chr6	34756962	34757797	836	*	100	10	0.172678700796909	0.172678700796909	Condition2	chr6
chr6	35451814	35452978	1165	*	100	6	0.238951943974885	0.238951943974885	Condition2	chr6
chr6	35688465	35689426	962	*	100	7	-0.0710879014730741	0.0710879014730741	Condition2	chr6
chr6	36196878	36197859	982	*	100	7	-0.299535136440473	0.299535136440473	Condition2	chr6
chr6	36442491	36443362	872	*	100	13	-0.303278193673026	0.303278193673026	Condition2	chr6
chr6	36985918	36986920	1003	*	100	8	-0.285498671818401	0.285498671818401	Condition2	chr6
chr6	41201063	41201312	250	*	100	6	0.111054093214199	0.111054093214199	Condition2	chr6
chr6	43687609	43688059	451	*	100	10	-0.270028374788698	0.270028374788698	Condition2	chr6
chr6	52419834	52420733	900	*	100	9	0.250724462690171	0.250724462690171	Condition2	chr6
chr6	69866429	69867307	879	*	100	9	0.279129437333977	0.279129437333977	Condition2	chr6
chr6	80003865	80004758	894	*	100	11	-0.210667713112775	0.210667713112775	Condition2	chr6
chr6	107847996	107848808	813	*	100	5	-0.329328664573774	0.329328664573774	Condition2	chr6
chr6	110399298	110400427	1130	*	100	6	-0.220961120502294	0.220961120502294	Condition2	chr6
chr6	112349683	112350757	1075	*	100	5	-0.247132335184738	0.247132335184738	Condition2	chr6
chr6	117270270	117271196	927	*	100	5	-0.270858488287853	0.270858488287853	Condition2	chr6
chr6	127475538	127476142	605	*	100	5	-0.135323593334943	0.135323593334943	Condition2	chr6
chr6	131627870	131628604	735	*	100	9	0.256037189084762	0.256037189084762	Condition2	chr6
chr6	133240230	133241639	1410	*	100	36	-0.202834460275296	0.202834460275296	Condition2	chr6
chr6	133952061	133954041	1981	*	100	10	0.195695484182565	0.195695484182565	Condition2	chr6
chr6	136289719	136290527	809	*	100	12	0.225292803670611	0.225292803670611	Condition2	chr6
chr6	137495338	137496710	1373	*	100	10	-0.156151895677373	0.156151895677373	Condition2	chr6
chr6	138106994	138107770	777	*	100	8	0.126011229171698	0.126011229171698	Condition2	chr6
chr6	139134901	139136013	1113	*	100	9	0.0993721323351847	0.0993721323351847	Condition2	chr6
chr6	149963895	149964499	605	*	100	5	0.0868147790388795	0.0868147790388795	Condition2	chr6
chr6	150069054	150069269	216	*	100	6	0.160634508572809	0.160634508572809	Condition2	chr6
chr6	157380491	157381897	1407	*	100	9	-0.244596715769138	0.244596715769138	Condition2	chr6
chr6	159168451	159169547	1097	*	100	5	-0.247736054093214	0.247736054093214	Condition2	chr6
chr6	166297650	166298001	352	*	100	5	0.0903767205988892	0.0903767205988892	Condition2	chr6
chr6	166691113	166691439	327	*	100	5	0.101605892296547	0.101605892296547	Condition2	chr6
chr6	166849537	166849914	378	*	100	5	0.21712750543347	0.21712750543347	Condition2	chr6
chr6	167122276	167123034	759	*	100	7	-0.200615793286646	0.200615793286646	Condition2	chr6
chr6	167986058	167986712	655	*	100	5	-0.100489012315866	0.100489012315866	Condition2	chr6
chr6	168081419	168082227	809	*	100	6	-0.164573774450616	0.164573774450616	Condition2	chr6
chr6	168370148	168370960	813	*	100	5	-0.420007244626902	0.420007244626902	Condition2	chr6
chr6	168650107	168650739	633	*	100	5	-0.0721444095629075	0.0721444095629075	Condition2	chr6
chr6	168883894	168884983	1090	*	100	7	-0.281725428640425	0.281725428640425	Condition2	chr6
chr6	170281474	170282149	676	*	100	5	-0.263221444095629	0.263221444095629	Condition2	chr6
chr7	558822	559549	728	*	100	5	-0.15216735088143	0.15216735088143	Condition2	chr7
chr7	975208	976095	888	*	100	11	0.243208162279643	0.243208162279643	Condition2	chr7
chr7	1753142	1753605	464	*	100	6	-0.179440352571843	0.179440352571843	Condition2	chr7
chr7	1979973	1980949	977	*	100	7	-0.192767447476455	0.192767447476455	Condition2	chr7
chr7	2065733	2067586	1854	*	100	11	-0.0970478145375513	0.0970478145375513	Condition2	chr7
chr7	2079481	2080647	1167	*	100	7	-0.203966433228689	0.203966433228689	Condition2	chr7
chr7	2353889	2354782	894	*	100	11	-0.106737503018595	0.106737503018595	Condition2	chr7
chr7	2460280	2460566	287	*	100	5	-0.0924595508331321	0.0924595508331321	Condition2	chr7
chr7	4236152	4236589	438	*	100	5	-0.0927010383965226	0.0927010383965226	Condition2	chr7
chr7	4861818	4862973	1156	*	100	10	-0.262768654914272	0.262768654914272	Condition2	chr7
chr7	5529436	5530963	1528	*	100	12	0.204721081864284	0.204721081864284	Condition2	chr7
chr7	6409302	6410351	1050	*	100	6	-0.18852632214441	0.18852632214441	Condition2	chr7
chr7	12686682	12687619	938	*	100	13	0.198261289543588	0.198261289543588	Condition2	chr7
chr7	22082855	22083698	844	*	100	5	-0.216010625452789	0.216010625452789	Condition2	chr7
chr7	25860547	25861149	603	*	100	6	-0.171395798116397	0.171395798116397	Condition2	chr7
chr7	27113593	27116444	2852	*	100	28	-0.187937696208645	0.187937696208645	Condition2	chr7
chr7	27155983	27159278	3296	*	100	22	0.243117604443371	0.243117604443371	Condition2	chr7
chr7	27163811	27167289	3479	*	100	25	0.246287128712871	0.246287128712871	Condition2	chr7
chr7	27192275	27193793	1519	*	100	8	-0.123822748128471	0.123822748128471	Condition2	chr7
chr7	28685741	28686060	320	*	100	5	-0.230680994928761	0.230680994928761	Condition2	chr7
chr7	29563505	29566734	3230	*	100	17	0.18021009418015	0.18021009418015	Condition2	chr7
chr7	39609625	39609845	221	*	100	5	-0.083705626660227	0.083705626660227	Condition2	chr7
chr7	43582767	43583624	858	*	100	8	-0.138583675440715	0.138583675440715	Condition2	chr7
chr7	44541210	44542646	1437	*	100	7	0.0975609756097562	0.0975609756097562	Condition2	chr7
chr7	44573474	44574921	1448	*	100	9	0.198140545761893	0.198140545761893	Condition2	chr7
chr7	44986021	44986985	965	*	100	7	0.202940111084279	0.202940111084279	Condition2	chr7
chr7	66628287	66628903	617	*	100	9	-0.258542622554938	0.258542622554938	Condition2	chr7
chr7	73770196	73770839	644	*	100	12	-0.247841704902198	0.247841704902198	Condition2	chr7
chr7	87345428	87346219	792	*	100	14	-0.214154189809225	0.214154189809225	Condition2	chr7
chr7	93889908	93891255	1348	*	100	18	0.313903646462207	0.313903646462207	Condition2	chr7
chr7	95772526	95773422	897	*	100	7	-0.160921275054335	0.160921275054335	Condition2	chr7
chr7	98976213	98977043	831	*	100	6	-0.292471625211302	0.292471625211302	Condition2	chr7
chr7	100177312	100178240	929	*	100	14	0.259342550108669	0.259342550108669	Condition2	chr7
chr7	100694225	100694707	483	*	100	5	-0.10963535377928	0.10963535377928	Condition2	chr7
chr7	100720118	100721096	979	*	100	9	-0.23273363921758	0.23273363921758	Condition2	chr7
chr7	100865794	100868036	2243	*	100	12	0.138674233276986	0.138674233276986	Condition2	chr7
chr7	101154252	101154503	252	*	100	5	-0.107582709490461	0.107582709490461	Condition2	chr7
chr7	105531396	105532686	1291	*	100	7	0.317435402076793	0.317435402076793	Condition2	chr7
chr7	106284873	106285681	809	*	100	8	0.214652257908718	0.214652257908718	Condition2	chr7
chr7	127585289	127585896	608	*	100	9	-0.260112291716977	0.260112291716977	Condition2	chr7
chr7	135147469	135148415	947	*	100	9	0.32691378893987	0.32691378893987	Condition2	chr7
chr7	136868341	136869985	1645	*	100	15	0.338565563873461	0.338565563873461	Condition2	chr7
chr7	137846512	137847629	1118	*	100	6	0.117604443371166	0.117604443371166	Condition2	chr7
chr7	141737886	141738669	784	*	100	10	0.131459792320695	0.131459792320695	Condition2	chr7
chr7	142885114	142886092	979	*	100	7	0.16333615068824	0.16333615068824	Condition2	chr7
chr7	142962262	142963114	853	*	100	5	-0.068552282057474	0.068552282057474	Condition2	chr7
chr7	149195275	149196139	865	*	100	10	0.293996015455204	0.293996015455204	Condition2	chr7
chr7	150720255	150721154	900	*	100	5	0.187454721081864	0.187454721081864	Condition2	chr7
chr7	150799989	150802650	2662	*	100	15	-0.284261048056025	0.284261048056025	Condition2	chr7
chr7	151303405	151304432	1028	*	100	5	-0.0989193431538276	0.0989193431538276	Condition2	chr7
chr7	151724534	151725065	532	*	100	5	0.162038155035016	0.162038155035016	Condition2	chr7
chr7	152463800	152464958	1159	*	100	8	0.156755614585849	0.156755614585849	Condition2	chr7
chr7	155465558	155466221	664	*	100	5	0.178580053127264	0.178580053127264	Condition2	chr7
chr7	158549413	158550272	860	*	100	7	0.211150688239556	0.211150688239556	Condition2	chr7
chr7	158977144	158977930	787	*	100	5	0.219149963776866	0.219149963776866	Condition2	chr7
chr8	643004	643906	903	*	100	6	-0.208283023424294	0.208283023424294	Condition2	chr8
chr8	835815	837299	1485	*	100	10	-0.161887225307897	0.161887225307897	Condition2	chr8
chr8	934647	935642	996	*	100	6	0.185447355711181	0.185447355711181	Condition2	chr8
chr8	1098112	1099902	1791	*	100	11	-0.271099975851244	0.271099975851244	Condition2	chr8
chr8	2000708	2001177	470	*	100	5	-0.0841282298961603	0.0841282298961603	Condition2	chr8
chr8	2691399	2691795	397	*	100	5	-0.219451823231104	0.219451823231104	Condition2	chr8
chr8	9002367	9003182	816	*	100	10	0.228190654431297	0.228190654431297	Condition2	chr8
chr8	15236177	15236979	803	*	100	5	-0.252505433470176	0.252505433470176	Condition2	chr8
chr8	23854842	23855504	663	*	100	5	-0.0436488770828303	0.0436488770828303	Condition2	chr8
chr8	26044353	26045694	1342	*	100	8	0.309481405457619	0.309481405457619	Condition2	chr8
chr8	26864979	26866718	1740	*	100	10	-0.290751026322144	0.290751026322144	Condition2	chr8
chr8	28493940	28495127	1188	*	100	7	0.22868872253079	0.22868872253079	Condition2	chr8
chr8	29352856	29353562	707	*	100	5	-0.250543347017629	0.250543347017629	Condition2	chr8
chr8	30082440	30083406	967	*	100	8	-0.176919826128954	0.176919826128954	Condition2	chr8
chr8	38996052	38997597	1546	*	100	14	0.313420671335426	0.313420671335426	Condition2	chr8
chr8	42270734	42271836	1103	*	100	8	0.334505554213958	0.334505554213958	Condition2	chr8
chr8	43550544	43551269	726	*	100	5	-0.262557353296305	0.262557353296305	Condition2	chr8
chr8	47831064	47832042	979	*	100	7	0.145707558560734	0.145707558560734	Condition2	chr8
chr8	48260278	48260866	589	*	100	5	-0.0863318039120985	0.0863318039120985	Condition2	chr8
chr8	48318630	48319227	598	*	100	5	-0.169856314899783	0.169856314899783	Condition2	chr8
chr8	48920720	48922085	1366	*	100	8	0.188224462690171	0.188224462690171	Condition2	chr8
chr8	66505354	66505641	288	*	100	5	0.222440231828061	0.222440231828061	Condition2	chr8
chr8	67951944	67952953	1010	*	100	12	-0.203407993238348	0.203407993238348	Condition2	chr8
chr8	73419877	73420595	719	*	100	5	0.105469693310794	0.105469693310794	Condition2	chr8
chr8	74984410	74985076	667	*	100	8	-0.228703815503502	0.228703815503502	Condition2	chr8
chr8	78805026	78805627	602	*	100	5	0.155035015696692	0.155035015696692	Condition2	chr8
chr8	95072593	95073462	870	*	100	5	-0.202396764066651	0.202396764066651	Condition2	chr8
chr8	96333264	96333738	475	*	100	5	-0.122554938420671	0.122554938420671	Condition2	chr8
chr8	107497528	107498087	560	*	100	5	0.102873702004347	0.102873702004347	Condition2	chr8
chr8	120123691	120124713	1023	*	100	5	-0.149269500120744	0.149269500120744	Condition2	chr8
chr8	123042156	123042907	752	*	100	11	0.121287128712871	0.121287128712871	Condition2	chr8
chr8	133570911	133572450	1540	*	100	7	0.145647186669887	0.145647186669887	Condition2	chr8
chr8	140458535	140458802	268	*	100	5	0.169705385172664	0.169705385172664	Condition2	chr8
chr8	142180730	142181212	483	*	100	5	-0.168709248973678	0.168709248973678	Condition2	chr8
chr8	142699879	142701451	1573	*	100	10	0.224311760444337	0.224311760444337	Condition2	chr8
chr8	143140598	143141039	442	*	100	5	-0.166415117121468	0.166415117121468	Condition2	chr8
chr8	144311954	144312663	710	*	100	5	0.15026563631973	0.15026563631973	Condition2	chr8
chr8	144358026	144358888	863	*	100	7	0.25039241729051	0.25039241729051	Condition2	chr8
chr8	144787041	144788408	1368	*	100	10	0.236355952668438	0.236355952668438	Condition2	chr8
chr9	1042202	1042971	770	*	100	5	0.0799927553730982	0.0799927553730982	Condition2	chr9
chr9	37800487	37801323	837	*	100	5	-0.252414875633905	0.252414875633905	Condition2	chr9
chr9	69121493	69122841	1349	*	100	6	-0.269439748852934	0.269439748852934	Condition2	chr9
chr9	98056402	98057647	1246	*	100	5	0.115159381791838	0.115159381791838	Condition2	chr9
chr9	110578934	110580117	1184	*	100	5	-0.121528616276262	0.121528616276262	Condition2	chr9
chr9	114504962	114505765	804	*	100	6	-0.123037913547452	0.123037913547452	Condition2	chr9
chr9	125747512	125748391	880	*	100	5	0.172059888915721	0.172059888915721	Condition2	chr9
chr9	126804386	126805646	1261	*	100	7	-0.288668196087901	0.288668196087901	Condition2	chr9
chr9	130692516	130693972	1457	*	100	7	0.135444337116639	0.135444337116639	Condition2	chr9
chr9	131531138	131531804	667	*	100	5	0.0561458584882879	0.0561458584882879	Condition2	chr9
chr9	133459005	133460202	1198	*	100	7	-0.165207679304516	0.165207679304516	Condition2	chr9
chr9	136482569	136484078	1510	*	100	8	-0.30862110601304	0.30862110601304	Condition2	chr9
chr9	137604680	137606854	2175	*	100	8	-0.267628592127505	0.267628592127505	Condition2	chr9
chr10	133785	134660	876	*	100	12	0.219753682685342	0.219753682685342	Condition2	chr10
chr10	11610951	11612179	1229	*	100	8	-0.331622796425984	0.331622796425984	Condition2	chr10
chr10	17227776	17230618	2843	*	100	23	0.179606375271673	0.179606375271673	Condition2	chr10
chr10	23438643	23439448	806	*	100	5	0.08769017145617	0.08769017145617	Condition2	chr10
chr10	25174828	25176575	1748	*	100	21	0.24136681960879	0.24136681960879	Condition2	chr10
chr10	30058741	30060477	1737	*	100	9	0.302855590437093	0.302855590437093	Condition2	chr10
chr10	43371518	43371708	191	*	100	5	-0.342429364887708	0.342429364887708	Condition2	chr10
chr10	47322041	47322972	932	*	100	11	-0.263945906785801	0.263945906785801	Condition2	chr10
chr10	48655376	48656577	1202	*	100	7	0.253229896160348	0.253229896160348	Condition2	chr10
chr10	49538543	49539607	1065	*	100	9	-0.132667230137648	0.132667230137648	Condition2	chr10
chr10	51699439	51700239	801	*	100	13	-0.218365129195846	0.218365129195846	Condition2	chr10
chr10	62817456	62819381	1926	*	100	12	-0.218968848104323	0.218968848104323	Condition2	chr10
chr10	63973066	63973816	751	*	100	5	0.17308621106013	0.17308621106013	Condition2	chr10
chr10	68827237	68827448	212	*	100	8	-0.162596595025356	0.162596595025356	Condition2	chr10
chr10	70672705	70673400	696	*	100	9	0.158204539966192	0.158204539966192	Condition2	chr10
chr10	73743973	73744674	702	*	100	7	-0.163456894469935	0.163456894469935	Condition2	chr10
chr10	75111092	75112213	1122	*	100	6	0.245124969814055	0.245124969814055	Condition2	chr10
chr10	75294646	75295325	680	*	100	5	0.168890364646221	0.168890364646221	Condition2	chr10
chr10	75407957	75410174	2218	*	100	10	0.279612412460758	0.279612412460758	Condition2	chr10
chr10	79315255	79315736	482	*	100	7	-0.1135897126298	0.1135897126298	Condition2	chr10
chr10	84225466	84226024	559	*	100	5	0.0871166384931176	0.0871166384931176	Condition2	chr10
chr10	89701350	89701925	576	*	100	10	0.153737020043468	0.153737020043468	Condition2	chr10
chr10	92689493	92691260	1768	*	100	8	-0.186851002173388	0.186851002173388	Condition2	chr10
chr10	93993136	93994444	1309	*	100	5	0.076370441922241	0.076370441922241	Condition2	chr10
chr10	97185268	97186482	1215	*	100	10	0.304440352571843	0.304440352571843	Condition2	chr10
chr10	97318945	97319327	383	*	100	8	-0.352390726877566	0.352390726877566	Condition2	chr10
chr10	98030068	98031005	938	*	100	7	0.13807051436851	0.13807051436851	Condition2	chr10
chr10	100185367	100186393	1027	*	100	14	0.336558198502777	0.336558198502777	Condition2	chr10
chr10	101134168	101135287	1120	*	100	8	-0.155804757304999	0.155804757304999	Condition2	chr10
chr10	102064696	102066021	1326	*	100	8	-0.226605892296547	0.226605892296547	Condition2	chr10
chr10	102854010	102854451	442	*	100	9	0.0657449891330596	0.0657449891330596	Condition2	chr10
chr10	103367858	103368862	1005	*	100	10	-0.156272639459068	0.156272639459068	Condition2	chr10
chr10	103478849	103479449	601	*	100	7	-0.166867906302825	0.166867906302825	Condition2	chr10
chr10	104232168	104232679	512	*	100	7	0.263493117604443	0.263493117604443	Condition2	chr10
chr10	119725334	119726695	1362	*	100	8	0.141360782419705	0.141360782419705	Condition2	chr10
chr10	120850974	120851622	649	*	100	7	0.326310070031393	0.326310070031393	Condition2	chr10
chr10	121593904	121594658	755	*	100	10	-0.109650446751992	0.109650446751992	Condition2	chr10
chr10	121608644	121609240	597	*	100	5	0.0922784351605892	0.0922784351605892	Condition2	chr10
chr10	124916552	124916938	387	*	100	5	-0.132546486355953	0.132546486355953	Condition2	chr10
chr10	129768465	129771971	3507	*	100	21	0.139700555421396	0.139700555421396	Condition2	chr10
chr10	129838110	129839028	919	*	100	6	-0.219904612412461	0.219904612412461	Condition2	chr10
chr10	130190155	130191586	1432	*	100	9	-0.156423569186187	0.156423569186187	Condition2	chr10
chr10	131259906	131260726	821	*	100	7	-0.181206230379135	0.181206230379135	Condition2	chr10
chr10	132397357	132398405	1049	*	100	8	-0.133044554455446	0.133044554455446	Condition2	chr10
chr10	132722127	132722733	607	*	100	5	0.103869838203333	0.103869838203333	Condition2	chr10
chr11	315262	316340	1079	*	100	6	0.123324680028978	0.123324680028978	Condition2	chr11
chr11	372999	373895	897	*	100	6	0.207739676406665	0.207739676406665	Condition2	chr11
chr11	746801	747521	721	*	100	8	0.179213957981164	0.179213957981164	Condition2	chr11
chr11	809282	810212	931	*	100	14	0.136123520888674	0.136123520888674	Condition2	chr11
chr11	1199728	1200587	860	*	100	6	0.219844240521613	0.219844240521613	Condition2	chr11
chr11	2137325	2137902	578	*	100	6	-0.210682806085487	0.210682806085487	Condition2	chr11
chr11	2273547	2273962	416	*	100	5	0.106707317073171	0.106707317073171	Condition2	chr11
chr11	2384605	2385779	1175	*	100	7	0.130554213957981	0.130554213957981	Condition2	chr11
chr11	2574375	2575239	865	*	100	6	-0.164785076068583	0.164785076068583	Condition2	chr11
chr11	9574614	9574929	316	*	100	6	-0.275386380101425	0.275386380101425	Condition2	chr11
chr11	15114117	15115143	1027	*	100	11	-0.336452547693794	0.336452547693794	Condition2	chr11
chr11	35943357	35945055	1699	*	100	8	0.150733518473799	0.150733518473799	Condition2	chr11
chr11	43574979	43575993	1015	*	100	6	0.164875633904854	0.164875633904854	Condition2	chr11
chr11	46700371	46701223	853	*	100	10	-0.176829268292683	0.176829268292683	Condition2	chr11
chr11	58577753	58579070	1318	*	100	13	-0.223043950736537	0.223043950736537	Condition2	chr11
chr11	60056520	60056689	170	*	100	5	0.295490219753683	0.295490219753683	Condition2	chr11
chr11	61555450	61556196	747	*	100	6	-0.248369958947114	0.248369958947114	Condition2	chr11
chr11	61752215	61753013	799	*	100	7	-0.18425501086694	0.18425501086694	Condition2	chr11
chr11	62706187	62706647	461	*	100	6	-0.233654310553007	0.233654310553007	Condition2	chr11
chr11	62841630	62842532	903	*	100	5	-0.110390002414876	0.110390002414876	Condition2	chr11
chr11	63998814	64001323	2510	*	100	10	-0.245864525476938	0.245864525476938	Condition2	chr11
chr11	64367745	64368792	1048	*	100	12	-0.135912219270708	0.135912219270708	Condition2	chr11
chr11	64917199	64917621	423	*	100	10	0.119249577396764	0.119249577396764	Condition2	chr11
chr11	65386289	65386613	325	*	100	8	-0.136817797633422	0.136817797633422	Condition2	chr11
chr11	65917637	65919210	1574	*	100	12	-0.108488287853176	0.108488287853176	Condition2	chr11
chr11	66025767	66026882	1116	*	100	7	0.175953875875392	0.175953875875392	Condition2	chr11
chr11	66420062	66421827	1766	*	100	9	-0.185341704902198	0.185341704902198	Condition2	chr11
chr11	66592729	66593611	883	*	100	12	0.241653586090316	0.241653586090316	Condition2	chr11
chr11	66677335	66678164	830	*	100	8	0.138960999758512	0.138960999758512	Condition2	chr11
chr11	67071463	67071893	431	*	100	5	0.201460999758513	0.201460999758513	Condition2	chr11
chr11	68042513	68044175	1663	*	100	11	0.121377686549143	0.121377686549143	Condition2	chr11
chr11	68842828	68844339	1512	*	100	11	-0.145496256942767	0.145496256942767	Condition2	chr11
chr11	69013398	69013890	493	*	100	6	-0.230137647911133	0.230137647911133	Condition2	chr11
chr11	69442968	69443710	743	*	100	5	-0.140334460275296	0.140334460275296	Condition2	chr11
chr11	69653569	69655053	1485	*	100	14	0.301421758029461	0.301421758029461	Condition2	chr11
chr11	71250550	71251312	763	*	100	6	0.285589229654673	0.285589229654673	Condition2	chr11
chr11	71998705	71998933	229	*	100	5	-0.0573532963052402	0.0573532963052402	Condition2	chr11
chr11	72112400	72113120	721	*	100	10	0.369883482250664	0.369883482250664	Condition2	chr11
chr11	72589847	72590881	1035	*	100	6	0.211784593093456	0.211784593093456	Condition2	chr11
chr11	73761152	73761456	305	*	100	11	0.155276503260082	0.155276503260082	Condition2	chr11
chr11	88174966	88175638	673	*	100	6	-0.172723979715045	0.172723979715045	Condition2	chr11
chr11	95089569	95090440	872	*	100	5	-0.192133542622555	0.192133542622555	Condition2	chr11
chr11	103109221	103109738	518	*	100	5	-0.145707558560734	0.145707558560734	Condition2	chr11
chr11	107928187	107929306	1120	*	100	12	0.200163004105289	0.200163004105289	Condition2	chr11
chr11	111283650	111284297	648	*	100	6	-0.198080173871046	0.198080173871046	Condition2	chr11
chr11	111601906	111602657	752	*	100	7	0.13299927553731	0.13299927553731	Condition2	chr11
chr11	113773675	113774107	433	*	100	10	0.231918618691137	0.231918618691137	Condition2	chr11
chr11	118530356	118531826	1471	*	100	10	0.138478024631731	0.138478024631731	Condition2	chr11
chr11	120336724	120337616	893	*	100	9	-0.200585607341222	0.200585607341222	Condition2	chr11
chr11	122202503	122203726	1224	*	100	8	0.198231103598165	0.198231103598165	Condition2	chr11
chr11	122979519	122980265	747	*	100	5	-0.21039603960396	0.21039603960396	Condition2	chr11
chr11	128521376	128522814	1439	*	100	9	0.152982371407872	0.152982371407872	Condition2	chr11
chr11	128691780	128692514	735	*	100	8	-0.302749939628109	0.302749939628109	Condition2	chr11
chr11	128694861	128696115	1255	*	100	5	-0.185251147065926	0.185251147065926	Condition2	chr11
chr11	130486269	130487580	1312	*	100	5	-0.225277710697899	0.225277710697899	Condition2	chr11
chr12	401369	401946	578	*	100	8	0.128109152378653	0.128109152378653	Condition2	chr12
chr12	4379583	4380056	474	*	100	6	-0.251252716735088	0.251252716735088	Condition2	chr12
chr12	6199608	6201579	1972	*	100	9	-0.280125573532963	0.280125573532963	Condition2	chr12
chr12	8697185	8698344	1160	*	100	8	-0.208222651533446	0.208222651533446	Condition2	chr12
chr12	12696043	12697149	1107	*	100	12	0.212780729292441	0.212780729292441	Condition2	chr12
chr12	30754257	30755377	1121	*	100	9	-0.171939145134026	0.171939145134026	Condition2	chr12
chr12	31589714	31591762	2049	*	100	11	0.289120985269259	0.289120985269259	Condition2	chr12
chr12	42460036	42460328	293	*	100	5	-0.296244868389278	0.296244868389278	Condition2	chr12
chr12	46382573	46384494	1922	*	100	8	-0.149344964984303	0.149344964984303	Condition2	chr12
chr12	47725190	47726308	1119	*	100	5	0.18084399903405	0.18084399903405	Condition2	chr12
chr12	47758421	47759606	1186	*	100	14	-0.307806085486597	0.307806085486597	Condition2	chr12
chr12	48716431	48717651	1221	*	100	12	-0.203724945665298	0.203724945665298	Condition2	chr12
chr12	49548974	49549824	851	*	100	5	-0.107069548418256	0.107069548418256	Condition2	chr12
chr12	51216904	51218282	1379	*	100	9	-0.339048539000242	0.339048539000242	Condition2	chr12
chr12	51270461	51270859	399	*	100	8	0.181915600096595	0.181915600096595	Condition2	chr12
chr12	51590462	51591832	1371	*	100	10	0.295067616517749	0.295067616517749	Condition2	chr12
chr12	51846584	51849024	2441	*	100	10	0.239646220719633	0.239646220719633	Condition2	chr12
chr12	52903600	52905527	1928	*	100	13	0.19454841825646	0.19454841825646	Condition2	chr12
chr12	53180543	53181154	612	*	100	10	0.102043588505192	0.102043588505192	Condition2	chr12
chr12	53727092	53727931	840	*	100	11	0.299172905095388	0.299172905095388	Condition2	chr12
chr12	54015423	54015874	452	*	100	9	-0.204238106737503	0.204238106737503	Condition2	chr12
chr12	54279236	54281685	2450	*	100	24	0.272699830958706	0.272699830958706	Condition2	chr12
chr12	54418822	54419578	757	*	100	7	0.182232552523545	0.182232552523545	Condition2	chr12
chr12	55715414	55716379	966	*	100	10	0.236974764549626	0.236974764549626	Condition2	chr12
chr12	56448908	56449744	837	*	100	9	-0.180662883361507	0.180662883361507	Condition2	chr12
chr12	57752135	57754106	1972	*	100	21	-0.225036223134509	0.225036223134509	Condition2	chr12
chr12	66678989	66679981	993	*	100	7	0.218184013523304	0.218184013523304	Condition2	chr12
chr12	85836026	85837180	1155	*	100	7	-0.343365129195846	0.343365129195846	Condition2	chr12
chr12	92702846	92703069	224	*	100	5	0.232341221927071	0.232341221927071	Condition2	chr12
chr12	102964871	102966059	1189	*	100	9	-0.133965225790872	0.133965225790872	Condition2	chr12
chr12	103840717	103841777	1061	*	100	9	-0.157148031876358	0.157148031876358	Condition2	chr12
chr12	103956384	103957474	1091	*	100	8	0.282691378893987	0.282691378893987	Condition2	chr12
chr12	104303415	104304206	792	*	100	13	-0.259629316590196	0.259629316590196	Condition2	chr12
chr12	106066790	106067230	441	*	100	5	-0.137134750060372	0.137134750060372	Condition2	chr12
chr12	106302154	106303520	1367	*	100	11	0.172059888915721	0.172059888915721	Condition2	chr12
chr12	107773671	107775557	1887	*	100	9	0.165328423086211	0.165328423086211	Condition2	chr12
chr12	108787621	108788073	453	*	100	5	0.173810673750302	0.173810673750302	Condition2	chr12
chr12	109097515	109098333	819	*	100	13	0.195936971745955	0.195936971745955	Condition2	chr12
chr12	109291673	109292317	645	*	100	5	0.121075827094905	0.121075827094905	Condition2	chr12
chr12	109880562	109881215	654	*	100	5	0.338686307655156	0.338686307655156	Condition2	chr12
chr12	112382192	112382877	686	*	100	5	0.259297271190534	0.259297271190534	Condition2	chr12
chr12	113472127	113472581	455	*	100	7	-0.0883844482009176	0.0883844482009176	Condition2	chr12
chr12	113966230	113966800	571	*	100	10	-0.126992272397972	0.126992272397972	Condition2	chr12
chr12	119153859	119154539	681	*	100	5	0.290268051195363	0.290268051195363	Condition2	chr12
chr12	120086982	120087535	554	*	100	5	0.163668196087901	0.163668196087901	Condition2	chr12
chr12	120533735	120534995	1261	*	100	6	0.176633059647428	0.176633059647428	Condition2	chr12
chr12	121827182	121828048	867	*	100	5	0.195001207437817	0.195001207437817	Condition2	chr12
chr12	122021603	122022568	966	*	100	6	0.148484665539725	0.148484665539725	Condition2	chr12
chr12	122752535	122753060	526	*	100	8	-0.175727481284714	0.175727481284714	Condition2	chr12
chr12	122997027	122997507	481	*	100	5	-0.214863559526684	0.214863559526684	Condition2	chr12
chr12	123670904	123671624	721	*	100	8	0.158521492393142	0.158521492393142	Condition2	chr12
chr12	130916312	130916761	450	*	100	5	0.158838444820092	0.158838444820092	Condition2	chr12
chr12	131710377	131711799	1423	*	100	14	-0.214108910891089	0.214108910891089	Condition2	chr12
chr12	131808784	131809158	375	*	100	5	0.177855590437092	0.177855590437092	Condition2	chr12
chr12	132319613	132320786	1174	*	100	10	0.102526563631973	0.102526563631973	Condition2	chr12
chr12	132717303	132718847	1545	*	100	6	-0.129542984786284	0.129542984786284	Condition2	chr12
chr13	19118195	19118709	515	*	100	6	-0.143654914271915	0.143654914271915	Condition2	chr13
chr13	20435357	20436280	924	*	100	6	-0.170565684617242	0.170565684617242	Condition2	chr13
chr13	20703203	20704149	947	*	100	6	-0.108458101907752	0.108458101907752	Condition2	chr13
chr13	21139774	21141007	1234	*	100	13	-0.32232552523545	0.32232552523545	Condition2	chr13
chr13	27621411	27622234	824	*	100	6	0.126962086452548	0.126962086452548	Condition2	chr13
chr13	27919776	27920038	263	*	100	7	0.226726636078242	0.226726636078242	Condition2	chr13
chr13	28583797	28584255	459	*	100	5	-0.093425501086694	0.093425501086694	Condition2	chr13
chr13	30617375	30618372	998	*	100	11	0.256550350156967	0.256550350156967	Condition2	chr13
chr13	40921777	40922647	871	*	100	5	0.221021492393142	0.221021492393142	Condition2	chr13
chr13	41310408	41311419	1012	*	100	10	0.146779159623279	0.146779159623279	Condition2	chr13
chr13	43785279	43787958	2680	*	100	14	0.268473798599372	0.268473798599372	Condition2	chr13
chr13	44436837	44437336	500	*	100	8	-0.257953996619174	0.257953996619174	Condition2	chr13
chr13	52850581	52851898	1318	*	100	8	-0.158068703211785	0.158068703211785	Condition2	chr13
chr13	60396076	60397211	1136	*	100	11	0.0849130644771795	0.0849130644771795	Condition2	chr13
chr13	74133263	74134337	1075	*	100	11	-0.147669645013282	0.147669645013282	Condition2	chr13
chr13	78595618	78597335	1718	*	100	13	0.135474523062062	0.135474523062062	Condition2	chr13
chr13	80342639	80343298	660	*	100	5	0.0913426708524511	0.0913426708524511	Condition2	chr13
chr13	94702487	94703949	1463	*	100	6	-0.204872011591403	0.204872011591403	Condition2	chr13
chr13	97433121	97434382	1262	*	100	7	0.14250784834581	0.14250784834581	Condition2	chr13
chr13	98751899	98753016	1118	*	100	9	0.179244143926588	0.179244143926588	Condition2	chr13
chr13	99988989	99992254	3266	*	100	22	-0.170761893262497	0.170761893262497	Condition2	chr13
chr13	112753165	112754253	1089	*	100	5	-0.173388070514368	0.173388070514368	Condition2	chr13
chr13	112756573	112757248	676	*	100	8	-0.233880705143685	0.233880705143685	Condition2	chr13
chr13	112958915	112960002	1088	*	100	9	0.104805602511471	0.104805602511471	Condition2	chr13
chr13	113143504	113144017	514	*	100	5	-0.109092006761652	0.109092006761652	Condition2	chr13
chr13	113345420	113345988	569	*	100	5	-0.0653223858971263	0.0653223858971263	Condition2	chr13
chr13	114042157	114042632	476	*	100	5	0.11383120019319	0.11383120019319	Condition2	chr13
chr13	114048548	114049664	1117	*	100	10	-0.158415841584158	0.158415841584158	Condition2	chr13
chr13	114059466	114060601	1136	*	100	7	-0.215255976817194	0.215255976817194	Condition2	chr13
chr13	114063695	114065930	2236	*	100	11	0.184043709248974	0.184043709248974	Condition2	chr13
chr14	20989343	20990449	1107	*	100	11	-0.197627384689688	0.197627384689688	Condition2	chr14
chr14	21081593	21082095	503	*	100	5	-0.0601304032842308	0.0601304032842308	Condition2	chr14
chr14	21436747	21437824	1078	*	100	7	0.190503501569669	0.190503501569669	Condition2	chr14
chr14	22765763	22767369	1607	*	100	11	-0.218999034049746	0.218999034049746	Condition2	chr14
chr14	23567300	23567961	662	*	100	10	-0.182911736295581	0.182911736295581	Condition2	chr14
chr14	24141118	24142060	943	*	100	12	0.228356677131128	0.228356677131128	Condition2	chr14
chr14	24195516	24196240	725	*	100	8	0.294252595991306	0.294252595991306	Condition2	chr14
chr14	28785474	28785914	441	*	100	5	0.280004829751268	0.280004829751268	Condition2	chr14
chr14	35533235	35534937	1703	*	100	15	-0.208856556387346	0.208856556387346	Condition2	chr14
chr14	36647719	36648502	784	*	100	5	0.179485631489978	0.179485631489978	Condition2	chr14
chr14	37583535	37586048	2514	*	100	10	-0.20603417049022	0.20603417049022	Condition2	chr14
chr14	37597668	37600002	2335	*	100	15	0.203453272156484	0.203453272156484	Condition2	chr14
chr14	45133864	45134662	799	*	100	9	0.160589229654673	0.160589229654673	Condition2	chr14
chr14	50116191	50116588	398	*	100	5	-0.128320453996619	0.128320453996619	Condition2	chr14
chr14	50831285	50832285	1001	*	100	5	-0.223677855590437	0.223677855590437	Condition2	chr14
chr14	52790625	52791967	1343	*	100	8	0.116668679063028	0.116668679063028	Condition2	chr14
chr14	54441061	54442079	1019	*	100	12	-0.291445303066892	0.291445303066892	Condition2	chr14
chr14	54565015	54566475	1461	*	100	6	0.211633663366337	0.211633663366337	Condition2	chr14
chr14	70640976	70641483	508	*	100	5	0.226847379859937	0.226847379859937	Condition2	chr14
chr14	91113515	91114721	1207	*	100	10	-0.162038155035016	0.162038155035016	Condition2	chr14
chr14	93995567	93996262	696	*	100	5	-0.312454721081864	0.312454721081864	Condition2	chr14
chr14	94173692	94174886	1195	*	100	8	-0.289468123641632	0.289468123641632	Condition2	chr14
chr14	94864543	94865130	588	*	100	5	0.289453030668921	0.289453030668921	Condition2	chr14
chr14	96797121	96797830	710	*	100	9	-0.27384689688481	0.27384689688481	Condition2	chr14
chr14	97218435	97219665	1231	*	100	10	-0.254482612895436	0.254482612895436	Condition2	chr14
chr14	100893456	100895023	1568	*	100	12	-0.235193793769621	0.235193793769621	Condition2	chr14
chr14	101025040	101026070	1031	*	100	11	0.276714561700072	0.276714561700072	Condition2	chr14
chr14	101925051	101925494	444	*	100	5	0.119777831441681	0.119777831441681	Condition2	chr14
chr14	102906785	102908512	1728	*	100	9	-0.181659019560493	0.181659019560493	Condition2	chr14
chr14	102949121	102950053	933	*	100	6	0.190126177251872	0.190126177251872	Condition2	chr14
chr14	102966377	102967038	662	*	100	5	-0.121890847621347	0.121890847621347	Condition2	chr14
chr14	103698715	103699139	425	*	100	5	-0.186820816227964	0.186820816227964	Condition2	chr14
chr14	104116406	104118237	1832	*	100	11	-0.325012074378169	0.325012074378169	Condition2	chr14
chr14	104886297	104886833	537	*	100	5	-0.269711422361748	0.269711422361748	Condition2	chr14
chr14	105313195	105314095	901	*	100	9	-0.190684617242212	0.190684617242212	Condition2	chr14
chr14	105491073	105491860	788	*	100	8	0.212146824438541	0.212146824438541	Condition2	chr14
chr15	22942455	22943183	729	*	100	6	0.112306809949288	0.112306809949288	Condition2	chr15
chr15	23878085	23878559	475	*	100	5	-0.0835546969331079	0.0835546969331079	Condition2	chr15
chr15	26628671	26629642	972	*	100	5	-0.142809707800048	0.142809707800048	Condition2	chr15
chr15	28920686	28921658	973	*	100	7	-0.156453755131611	0.156453755131611	Condition2	chr15
chr15	34795305	34795960	656	*	100	7	0.116457377445062	0.116457377445062	Condition2	chr15
chr15	39976220	39977014	795	*	100	5	-0.238438782902681	0.238438782902681	Condition2	chr15
chr15	40593825	40594846	1022	*	100	13	-0.216704902197537	0.216704902197537	Condition2	chr15
chr15	41972510	41973216	707	*	100	8	-0.300727481284714	0.300727481284714	Condition2	chr15
chr15	42575105	42576246	1142	*	100	9	-0.237744506157933	0.237744506157933	Condition2	chr15
chr15	43329750	43331085	1336	*	100	16	0.318854141511712	0.318854141511712	Condition2	chr15
chr15	44287945	44288776	832	*	100	6	0.176557594783869	0.176557594783869	Condition2	chr15
chr15	45022591	45023241	651	*	100	10	-0.1792592368993	0.1792592368993	Condition2	chr15
chr15	45187264	45188591	1328	*	100	6	0.175833132093697	0.175833132093697	Condition2	chr15
chr15	52783224	52783992	769	*	100	7	-0.225066409079932	0.225066409079932	Condition2	chr15
chr15	55587891	55589509	1619	*	100	15	0.177795218546245	0.177795218546245	Condition2	chr15
chr15	60396423	60398776	2354	*	100	15	-0.294101666264187	0.294101666264187	Condition2	chr15
chr15	64776127	64776687	561	*	100	5	-0.1097862835064	0.1097862835064	Condition2	chr15
chr15	65101725	65102703	979	*	100	5	0.133270949046124	0.133270949046124	Condition2	chr15
chr15	68277390	68278656	1267	*	100	6	-0.20500784834581	0.20500784834581	Condition2	chr15
chr15	68578136	68579744	1609	*	100	12	-0.195755856073412	0.195755856073412	Condition2	chr15
chr15	68930061	68931557	1497	*	100	7	-0.147397971504467	0.147397971504467	Condition2	chr15
chr15	69032931	69033221	291	*	100	5	0.258180391209853	0.258180391209853	Condition2	chr15
chr15	69452189	69453802	1614	*	100	14	-0.153767205988892	0.153767205988892	Condition2	chr15
chr15	73052526	73053405	880	*	100	6	-0.207498188843275	0.207498188843275	Condition2	chr15
chr15	83446681	83447400	720	*	100	11	-0.186911374064236	0.186911374064236	Condition2	chr15
chr15	84981225	84982968	1744	*	100	10	0.172120260806568	0.172120260806568	Condition2	chr15
chr15	89361517	89362671	1155	*	100	7	-0.179878048780488	0.179878048780488	Condition2	chr15
chr15	92583171	92584150	980	*	100	5	0.216070997343637	0.216070997343637	Condition2	chr15
chr15	100341815	100342443	629	*	100	10	0.343802825404492	0.343802825404492	Condition2	chr15
chr15	100544302	100545506	1205	*	100	9	-0.271914996377687	0.271914996377687	Condition2	chr15
chr16	400904	402548	1645	*	100	11	-0.142688964018353	0.142688964018353	Condition2	chr16
chr16	1363158	1364718	1561	*	100	7	-0.115612170973195	0.115612170973195	Condition2	chr16
chr16	1819042	1819611	570	*	100	6	0.253999637768655	0.253999637768655	Condition2	chr16
chr16	2086268	2086968	701	*	100	6	-0.265153344602753	0.265153344602753	Condition2	chr16
chr16	2852607	2853392	786	*	100	5	-0.270798116397006	0.270798116397006	Condition2	chr16
chr16	3022206	3023191	986	*	100	5	-0.34719874426467	0.34719874426467	Condition2	chr16
chr16	3035245	3036988	1744	*	100	12	0.195710577155276	0.195710577155276	Condition2	chr16
chr16	3064947	3065809	863	*	100	8	-0.300018111567254	0.300018111567254	Condition2	chr16
chr16	4350789	4351940	1152	*	100	7	0.234363680270466	0.234363680270466	Condition2	chr16
chr16	4767087	4767352	266	*	100	6	-0.235993721323352	0.235993721323352	Condition2	chr16
chr16	10180207	10183649	3443	*	100	20	-0.176376479111326	0.176376479111326	Condition2	chr16
chr16	11273257	11274060	804	*	100	7	-0.187545278918136	0.187545278918136	Condition2	chr16
chr16	14070993	14071970	978	*	100	9	0.246347500603719	0.246347500603719	Condition2	chr16
chr16	14285363	14286183	821	*	100	5	0.12729413185221	0.12729413185221	Condition2	chr16
chr16	15054535	15056399	1865	*	100	11	-0.216644530306689	0.216644530306689	Condition2	chr16
chr16	19555425	19556269	845	*	100	9	-0.219300893503985	0.219300893503985	Condition2	chr16
chr16	22001083	22001423	341	*	100	8	0.342293528133301	0.342293528133301	Condition2	chr16
chr16	27488271	27489655	1385	*	100	8	-0.220161192948563	0.220161192948563	Condition2	chr16
chr16	30585737	30586129	393	*	100	5	-0.167350881429606	0.167350881429606	Condition2	chr16
chr16	30663212	30664560	1349	*	100	6	-0.198291475489012	0.198291475489012	Condition2	chr16
chr16	30922146	30924708	2563	*	100	16	0.282963052402801	0.282963052402801	Condition2	chr16
chr16	47460913	47461858	946	*	100	7	-0.13846293165902	0.13846293165902	Condition2	chr16
chr16	49637653	49638777	1125	*	100	5	-0.231797874909442	0.231797874909442	Condition2	chr16
chr16	50152313	50153008	696	*	100	7	0.193371166384931	0.193371166384931	Condition2	chr16
chr16	54929328	54932018	2691	*	100	16	-0.17696510504709	0.17696510504709	Condition2	chr16
chr16	55330317	55332110	1794	*	100	8	0.147322506640908	0.147322506640908	Condition2	chr16
chr16	57619257	57620436	1180	*	100	6	0.305466674716252	0.305466674716252	Condition2	chr16
chr16	67191534	67192466	933	*	100	8	0.207603839652258	0.207603839652258	Condition2	chr16
chr16	69339166	69340062	897	*	100	8	0.207422723979715	0.207422723979715	Condition2	chr16
chr16	69351644	69352289	646	*	100	5	-0.157993238348225	0.157993238348225	Condition2	chr16
chr16	69941246	69942326	1081	*	100	6	-0.264127022458343	0.264127022458343	Condition2	chr16
chr16	74700332	74700988	657	*	100	5	-0.121106013040328	0.121106013040328	Condition2	chr16
chr16	84302436	84302840	405	*	100	5	0.277589954117363	0.277589954117363	Condition2	chr16
chr16	85978009	85979235	1227	*	100	8	-0.203392900265636	0.203392900265636	Condition2	chr16
chr16	86565186	86566784	1599	*	100	10	-0.200661072204781	0.200661072204781	Condition2	chr16
chr16	86740114	86741517	1404	*	100	6	-0.222545882637044	0.222545882637044	Condition2	chr16
chr16	88899597	88900496	900	*	100	7	0.277861627626177	0.277861627626177	Condition2	chr16
chr16	89256676	89257626	951	*	100	6	-0.119279763342188	0.119279763342188	Condition2	chr16
chr17	259653	260348	696	*	100	5	-0.125150929727119	0.125150929727119	Condition2	chr17
chr17	335042	336424	1383	*	100	7	-0.162883361506882	0.162883361506882	Condition2	chr17
chr17	352797	353602	806	*	100	6	0.149661917411253	0.149661917411253	Condition2	chr17
chr17	1109048	1110078	1031	*	100	7	0.259568944699348	0.259568944699348	Condition2	chr17
chr17	3596980	3597124	145	*	100	6	-0.182941922241005	0.182941922241005	Condition2	chr17
chr17	4263115	4264155	1041	*	100	8	-0.115793286645738	0.115793286645738	Condition2	chr17
chr17	4560616	4561106	491	*	100	7	-0.289996377686549	0.289996377686549	Condition2	chr17
chr17	4899397	4900810	1414	*	100	11	-0.293467761410287	0.293467761410287	Condition2	chr17
chr17	5468337	5469126	790	*	100	7	-0.23019801980198	0.23019801980198	Condition2	chr17
chr17	7173607	7174391	785	*	100	5	-0.199408355469693	0.199408355469693	Condition2	chr17
chr17	7404078	7404714	637	*	100	9	-0.127897850760686	0.127897850760686	Condition2	chr17
chr17	7478959	7480170	1212	*	100	11	-0.262225307896643	0.262225307896643	Condition2	chr17
chr17	7915519	7916931	1413	*	100	8	0.316575102632214	0.316575102632214	Condition2	chr17
chr17	9771500	9771896	397	*	100	5	0.125664090799324	0.125664090799324	Condition2	chr17
chr17	9791155	9791821	667	*	100	7	-0.16840738951944	0.16840738951944	Condition2	chr17
chr17	14299599	14302140	2542	*	100	15	0.230530065201642	0.230530065201642	Condition2	chr17
chr17	17795454	17796598	1145	*	100	5	-0.164362472832649	0.164362472832649	Condition2	chr17
chr17	18247187	18247964	778	*	100	5	-0.124969814054576	0.124969814054576	Condition2	chr17
chr17	18258574	18259059	486	*	100	11	0.157570635112292	0.157570635112292	Condition2	chr17
chr17	19410986	19411306	321	*	100	6	0.0857582709490461	0.0857582709490461	Condition2	chr17
chr17	27793129	27793960	832	*	100	5	0.134357643081381	0.134357643081381	Condition2	chr17
chr17	28364928	28365824	897	*	100	5	-0.263523303549867	0.263523303549867	Condition2	chr17
chr17	30116537	30117171	635	*	100	15	-0.319276744747645	0.319276744747645	Condition2	chr17
chr17	31901371	31902056	686	*	100	8	0.260051919826129	0.260051919826129	Condition2	chr17
chr17	31916809	31917612	804	*	100	6	0.0969723496739918	0.0969723496739918	Condition2	chr17
chr17	33291391	33294232	2842	*	100	9	-0.244174112533205	0.244174112533205	Condition2	chr17
chr17	35373161	35373799	639	*	100	11	-0.109182564597923	0.109182564597923	Condition2	chr17
chr17	35794833	35796269	1437	*	100	10	0.222062907510263	0.222062907510263	Condition2	chr17
chr17	39196995	39197832	838	*	100	7	-0.106948804636561	0.106948804636561	Condition2	chr17
chr17	39199708	39200815	1108	*	100	11	-0.157389519439749	0.157389519439749	Condition2	chr17
chr17	39665194	39665793	600	*	100	6	-0.189265877807293	0.189265877807293	Condition2	chr17
chr17	40093099	40093477	379	*	100	5	-0.276412702245834	0.276412702245834	Condition2	chr17
chr17	41548794	41549207	414	*	100	5	0.3648575223376	0.3648575223376	Condition2	chr17
chr17	42676879	42677224	346	*	100	9	0.233790147307414	0.233790147307414	Condition2	chr17
chr17	48579912	48580295	384	*	100	5	-0.20342308621106	0.20342308621106	Condition2	chr17
chr17	48728423	48729574	1152	*	100	9	0.246287128712871	0.246287128712871	Condition2	chr17
chr17	50558983	50560830	1848	*	100	27	-0.146281091523787	0.146281091523787	Condition2	chr17
chr17	55238217	55238948	732	*	100	6	-0.258029461482734	0.258029461482734	Condition2	chr17
chr17	58219151	58220083	933	*	100	14	0.161449529099251	0.161449529099251	Condition2	chr17
chr17	60135060	60136152	1093	*	100	6	-0.353085003622313	0.353085003622313	Condition2	chr17
chr17	65137068	65137551	484	*	100	5	-0.129075102632214	0.129075102632214	Condition2	chr17
chr17	67043579	67045086	1508	*	100	12	-0.201098768413427	0.201098768413427	Condition2	chr17
chr17	69326384	69327813	1430	*	100	11	0.223436368027047	0.223436368027047	Condition2	chr17
chr17	73952291	73953072	782	*	100	5	0.150688239555663	0.150688239555663	Condition2	chr17
chr17	74203227	74204422	1196	*	100	9	-0.22995653223859	0.22995653223859	Condition2	chr17
chr17	74922756	74924291	1536	*	100	18	-0.115189567737262	0.115189567737262	Condition2	chr17
chr17	75503203	75503837	635	*	100	5	-0.0698804636561218	0.0698804636561218	Condition2	chr17
chr17	76353893	76354862	970	*	100	9	0.265485390002415	0.265485390002415	Condition2	chr17
chr17	76528289	76529044	756	*	100	5	-0.125996136198986	0.125996136198986	Condition2	chr17
chr17	76872138	76872920	783	*	100	7	-0.131218304757305	0.131218304757305	Condition2	chr17
chr17	77477495	77477989	495	*	100	5	0.127988408596957	0.127988408596957	Condition2	chr17
chr17	78174718	78175714	997	*	100	5	0.170731707317073	0.170731707317073	Condition2	chr17
chr17	78359121	78361152	2032	*	100	13	0.235571118087419	0.235571118087419	Condition2	chr17
chr17	78997190	78997617	428	*	100	6	-0.276322144409563	0.276322144409563	Condition2	chr17
chr17	79977609	79978665	1057	*	100	7	-0.242785559043709	0.242785559043709	Condition2	chr17
chr17	80263318	80263745	428	*	100	5	0.203543829992755	0.203543829992755	Condition2	chr17
chr17	80346724	80350000	3277	*	100	12	0.263357280850036	0.263357280850036	Condition2	chr17
chr17	80475462	80477056	1595	*	100	7	0.221293165901956	0.221293165901956	Condition2	chr17
chr17	80799324	80799862	539	*	100	6	-0.157132938903646	0.157132938903646	Condition2	chr17
chr17	80906344	80906949	606	*	100	5	0.276714561700072	0.276714561700072	Condition2	chr17
chr17	81109011	81110106	1096	*	100	5	-0.0807474040086935	0.0807474040086935	Condition2	chr17
chr17	81452082	81453399	1318	*	100	9	0.125754648635595	0.125754648635595	Condition2	chr17
chr17	81647891	81648832	942	*	100	6	-0.11263885534895	0.11263885534895	Condition2	chr17
chr17	82037008	82038038	1031	*	100	11	-0.207317073170732	0.207317073170732	Condition2	chr17
chr17	82342187	82342946	760	*	100	5	0.117423327698624	0.117423327698624	Condition2	chr17
chr17	82782932	82783683	752	*	100	5	-0.157540449166868	0.157540449166868	Condition2	chr17
chr17	82851743	82853011	1269	*	100	6	-0.103809466312485	0.103809466312485	Condition2	chr17
chr17	82871281	82872071	791	*	100	5	-0.132818159864767	0.132818159864767	Condition2	chr17
chr18	657227	658884	1658	*	100	17	-0.15240883844482	0.15240883844482	Condition2	chr18
chr18	12910905	12911713	809	*	100	6	-0.251056508089833	0.251056508089833	Condition2	chr18
chr18	26225749	26226468	720	*	100	8	0.167109393866216	0.167109393866216	Condition2	chr18
chr18	28174893	28176694	1802	*	100	9	0.100458826370442	0.100458826370442	Condition2	chr18
chr18	32769937	32771510	1574	*	100	8	-0.226953030668921	0.226953030668921	Condition2	chr18
chr18	35041086	35041785	700	*	100	10	-0.228311398212992	0.228311398212992	Condition2	chr18
chr18	48974276	48975256	981	*	100	5	0.1224643805844	0.1224643805844	Condition2	chr18
chr18	51029846	51031140	1295	*	100	12	0.193325887466795	0.193325887466795	Condition2	chr18
chr18	60372297	60372981	685	*	100	5	-0.295641149480802	0.295641149480802	Condition2	chr18
chr18	69400025	69401495	1471	*	100	7	-0.236325766723014	0.236325766723014	Condition2	chr18
chr18	69956835	69957706	872	*	100	5	-0.0743479835788456	0.0743479835788456	Condition2	chr18
chr18	75455467	75456225	759	*	100	5	0.168558319246559	0.168558319246559	Condition2	chr18
chr18	77248696	77250717	2022	*	100	28	0.237291716976576	0.237291716976576	Condition2	chr18
chr18	79425790	79426818	1029	*	100	6	0.225277710697899	0.225277710697899	Condition2	chr18
chr19	474973	475345	373	*	100	8	0.204615431055301	0.204615431055301	Condition2	chr19
chr19	1760948	1762437	1490	*	100	5	-0.152106978990582	0.152106978990582	Condition2	chr19
chr19	1884820	1885693	874	*	100	5	-0.121588988167109	0.121588988167109	Condition2	chr19
chr19	2151585	2151889	305	*	100	8	0.212237382274813	0.212237382274813	Condition2	chr19
chr19	2199698	2200506	809	*	100	5	0.186217097319488	0.186217097319488	Condition2	chr19
chr19	2543604	2543880	277	*	100	5	-0.148575223375996	0.148575223375996	Condition2	chr19
chr19	3178415	3180038	1624	*	100	11	0.178097078000483	0.178097078000483	Condition2	chr19
chr19	3785575	3786960	1386	*	100	8	-0.275718425501087	0.275718425501087	Condition2	chr19
chr19	4455319	4455961	643	*	100	5	-0.0985571118087418	0.0985571118087418	Condition2	chr19
chr19	5250365	5251110	746	*	100	5	-0.268564356435644	0.268564356435644	Condition2	chr19
chr19	6501767	6502928	1162	*	100	10	-0.373551074619657	0.373551074619657	Condition2	chr19
chr19	7496853	7497670	818	*	100	6	-0.228386863076552	0.228386863076552	Condition2	chr19
chr19	9323847	9324376	530	*	100	8	0.216508693552282	0.216508693552282	Condition2	chr19
chr19	9434933	9436060	1128	*	100	15	-0.186035981646945	0.186035981646945	Condition2	chr19
chr19	9818410	9819690	1281	*	100	9	0.180572325525235	0.180572325525235	Condition2	chr19
chr19	10102595	10103282	688	*	100	5	-0.142568220236658	0.142568220236658	Condition2	chr19
chr19	11578673	11579183	511	*	100	11	0.210456411494808	0.210456411494808	Condition2	chr19
chr19	11738716	11739199	484	*	100	8	0.198382033325284	0.198382033325284	Condition2	chr19
chr19	11766846	11767222	377	*	100	7	0.257063511229172	0.257063511229172	Condition2	chr19
chr19	11964957	11965237	281	*	100	5	0.143232311035982	0.143232311035982	Condition2	chr19
chr19	12513652	12514623	972	*	100	10	0.336829872011591	0.336829872011591	Condition2	chr19
chr19	12919075	12919541	467	*	100	7	-0.102873702004347	0.102873702004347	Condition2	chr19
chr19	13102614	13102964	351	*	100	5	0.174957739676407	0.174957739676407	Condition2	chr19
chr19	13116362	13117283	922	*	100	11	0.368570393624728	0.368570393624728	Condition2	chr19
chr19	13865796	13866143	348	*	100	5	0.181447717942526	0.181447717942526	Condition2	chr19
chr19	14689718	14690434	717	*	100	8	-0.293347017628592	0.293347017628592	Condition2	chr19
chr19	15106824	15107903	1080	*	100	13	-0.280457618932625	0.280457618932625	Condition2	chr19
chr19	15181629	15181965	337	*	100	5	-0.236597440231828	0.236597440231828	Condition2	chr19
chr19	15507748	15508545	798	*	100	6	-0.222787370200435	0.222787370200435	Condition2	chr19
chr19	16110909	16112342	1434	*	100	10	0.148892175802946	0.148892175802946	Condition2	chr19
chr19	17225568	17226263	696	*	100	10	-0.166128350639942	0.166128350639942	Condition2	chr19
chr19	18000580	18001625	1046	*	100	9	0.209460275295822	0.209460275295822	Condition2	chr19
chr19	21504498	21505718	1221	*	100	6	0.183817314658295	0.183817314658295	Condition2	chr19
chr19	22633706	22634973	1268	*	100	6	0.16706411494808	0.16706411494808	Condition2	chr19
chr19	29714647	29716446	1800	*	100	8	-0.226666264187394	0.226666264187394	Condition2	chr19
chr19	33176130	33177586	1457	*	100	7	0.194427674474765	0.194427674474765	Condition2	chr19
chr19	33372970	33374368	1399	*	100	11	0.308651291958464	0.308651291958464	Condition2	chr19
chr19	34577316	34578709	1394	*	100	7	0.136198985752234	0.136198985752234	Condition2	chr19
chr19	34963575	34964486	912	*	100	11	0.24073291475489	0.24073291475489	Condition2	chr19
chr19	35745249	35745715	467	*	100	10	-0.156272639459068	0.156272639459068	Condition2	chr19
chr19	35869494	35869933	440	*	100	5	0.125664090799324	0.125664090799324	Condition2	chr19
chr19	35995064	35995973	910	*	100	6	0.0896220719632939	0.0896220719632939	Condition2	chr19
chr19	36849792	36850969	1178	*	100	11	0.214410770345327	0.214410770345327	Condition2	chr19
chr19	38385454	38386581	1128	*	100	7	0.17411253320454	0.17411253320454	Condition2	chr19
chr19	38975181	38976118	938	*	100	8	0.159095025356194	0.159095025356194	Condition2	chr19
chr19	39532188	39532929	742	*	100	11	0.148363921758029	0.148363921758029	Condition2	chr19
chr19	39970412	39971279	868	*	100	9	0.225790871770104	0.225790871770104	Condition2	chr19
chr19	44002652	44003006	355	*	100	11	0.207679304515817	0.207679304515817	Condition2	chr19
chr19	44643528	44644416	889	*	100	8	0.116064960154552	0.116064960154552	Condition2	chr19
chr19	44747223	44749073	1851	*	100	12	-0.335848828785318	0.335848828785318	Condition2	chr19
chr19	45423327	45424439	1113	*	100	17	0.294343153827578	0.294343153827578	Condition2	chr19
chr19	46788038	46788904	867	*	100	6	-0.150159985510746	0.150159985510746	Condition2	chr19
chr19	47745274	47745871	598	*	100	7	-0.161645737744506	0.161645737744506	Condition2	chr19
chr19	48468814	48469975	1162	*	100	13	0.242604443371166	0.242604443371166	Condition2	chr19
chr19	48637081	48638164	1084	*	100	14	-0.169720478145376	0.169720478145376	Condition2	chr19
chr19	49118619	49119833	1215	*	100	9	-0.238257667230138	0.238257667230138	Condition2	chr19
chr19	50418096	50419228	1133	*	100	7	-0.210124366095146	0.210124366095146	Condition2	chr19
chr19	53103087	53103769	683	*	100	5	0.116879980680995	0.116879980680995	Condition2	chr19
chr19	53291239	53291723	485	*	100	5	0.22093093455687	0.22093093455687	Condition2	chr19
chr19	53647646	53648346	701	*	100	5	-0.109152378652499	0.109152378652499	Condition2	chr19
chr19	54159548	54160292	745	*	100	11	-0.275205264428882	0.275205264428882	Condition2	chr19
chr19	54947362	54947915	554	*	100	6	-0.099960758270949	0.099960758270949	Condition2	chr19
chr19	55166046	55166969	924	*	100	10	-0.186503863801014	0.186503863801014	Condition2	chr19
chr19	55385081	55387360	2280	*	100	14	0.216070997343637	0.216070997343637	Condition2	chr19
chr19	55475999	55476705	707	*	100	11	-0.241849794735571	0.241849794735571	Condition2	chr19
chr19	55517058	55517517	460	*	100	5	-0.191227964259841	0.191227964259841	Condition2	chr19
chr19	55642799	55643589	791	*	100	9	-0.160226998309587	0.160226998309587	Condition2	chr19
chr19	56393073	56393784	712	*	100	12	0.356088505191983	0.356088505191983	Condition2	chr19
chr19	56403395	56404837	1443	*	100	12	0.289120985269259	0.289120985269259	Condition2	chr19
chr19	57320176	57320542	367	*	100	7	0.217791596232794	0.217791596232794	Condition2	chr19
chr19	57527217	57527706	490	*	100	6	-0.0879618449649843	0.0879618449649843	Condition2	chr19
chr19	58154842	58155497	656	*	100	5	0.144137889398696	0.144137889398696	Condition2	chr19
chr19	58380354	58381252	899	*	100	8	-0.186851002173388	0.186851002173388	Condition2	chr19
chr19	58466537	58467483	947	*	100	8	-0.282283868630765	0.282283868630765	Condition2	chr19
chr19	58513506	58514207	702	*	100	5	0.0572929244143926	0.0572929244143926	Condition2	chr19
chr19	58562002	58563983	1982	*	100	9	-0.189658295097802	0.189658295097802	Condition2	chr19
chr20	1491238	1492269	1032	*	100	7	-0.35368872253079	0.35368872253079	Condition2	chr20
chr20	3228275	3229742	1468	*	100	9	0.321601062545279	0.321601062545279	Condition2	chr20
chr20	3819920	3820976	1057	*	100	11	-0.191167592368993	0.191167592368993	Condition2	chr20
chr20	5610969	5611280	312	*	100	8	-0.208283023424294	0.208283023424294	Condition2	chr20
chr20	31738759	31739627	869	*	100	12	-0.309496498430331	0.309496498430331	Condition2	chr20
chr20	34268941	34269422	482	*	100	6	0.286253320453997	0.286253320453997	Condition2	chr20
chr20	34515441	34516772	1332	*	100	13	-0.205626660226998	0.205626660226998	Condition2	chr20
chr20	35741461	35742670	1210	*	100	12	-0.18274571359575	0.18274571359575	Condition2	chr20
chr20	36604977	36606715	1739	*	100	8	0.174187998068099	0.174187998068099	Condition2	chr20
chr20	36745665	36746479	815	*	100	8	0.232748732190292	0.232748732190292	Condition2	chr20
chr20	36815575	36816158	584	*	100	6	-0.116080053127264	0.116080053127264	Condition2	chr20
chr20	37288724	37289826	1103	*	100	10	0.213293890364646	0.213293890364646	Condition2	chr20
chr20	37519862	37521349	1488	*	100	35	0.118932624969814	0.118932624969814	Condition2	chr20
chr20	43726985	43727669	685	*	100	5	-0.0576853417049022	0.0576853417049022	Condition2	chr20
chr20	44651152	44652317	1166	*	100	7	-0.155517990823473	0.155517990823473	Condition2	chr20
chr20	45812185	45813381	1197	*	100	17	-0.257003139338324	0.257003139338324	Condition2	chr20
chr20	45934203	45935030	828	*	100	8	0.169780850036223	0.169780850036223	Condition2	chr20
chr20	49219213	49219592	380	*	100	9	-0.31281695242695	0.31281695242695	Condition2	chr20
chr20	49981841	49983146	1306	*	100	11	-0.158536585365854	0.158536585365854	Condition2	chr20
chr20	50115923	50116131	209	*	100	8	0.332981163970056	0.332981163970056	Condition2	chr20
chr20	51009527	51010325	799	*	100	5	-0.0941801497222893	0.0941801497222893	Condition2	chr20
chr20	57389217	57390442	1226	*	100	7	0.28921154310553	0.28921154310553	Condition2	chr20
chr20	62143214	62143838	625	*	100	9	-0.197899058198503	0.197899058198503	Condition2	chr20
chr20	62861825	62861990	166	*	100	9	0.125513161072205	0.125513161072205	Condition2	chr20
chr20	63574207	63574629	423	*	100	7	-0.149209128229896	0.149209128229896	Condition2	chr20
chr20	63980882	63981353	472	*	100	6	-0.194337116638493	0.194337116638493	Condition2	chr20
chr21	17612996	17613444	449	*	100	7	-0.279823714078725	0.279823714078725	Condition2	chr21
chr21	26964578	26965551	974	*	100	5	0.11153706834098	0.11153706834098	Condition2	chr21
chr21	32278432	32279553	1122	*	100	11	0.219542381067375	0.219542381067375	Condition2	chr21
chr21	37916045	37916826	782	*	100	8	0.171788215406907	0.171788215406907	Condition2	chr21
chr21	42892741	42893750	1010	*	100	9	-0.274148756339049	0.274148756339049	Condition2	chr21
chr22	17562946	17564046	1101	*	100	5	0.0791173629558077	0.0791173629558077	Condition2	chr22
chr22	20016540	20017359	820	*	100	10	-0.420912822989616	0.420912822989616	Condition2	chr22
chr22	28741539	28742466	928	*	100	14	0.25197717942526	0.25197717942526	Condition2	chr22
chr22	28772284	28773168	885	*	100	12	-0.207060492634629	0.207060492634629	Condition2	chr22
chr22	29048986	29049916	931	*	100	5	0.298267326732673	0.298267326732673	Condition2	chr22
chr22	29205570	29206195	626	*	100	8	-0.12214742815745	0.12214742815745	Condition2	chr22
chr22	29837620	29838787	1168	*	100	9	-0.302342429364888	0.302342429364888	Condition2	chr22
chr22	30505262	30505721	460	*	100	5	0.0867845930934558	0.0867845930934558	Condition2	chr22
chr22	33057907	33058647	741	*	100	11	-0.106254527891814	0.106254527891814	Condition2	chr22
chr22	36702758	36703652	895	*	100	8	-0.265862714320212	0.265862714320212	Condition2	chr22
chr22	37579934	37580625	692	*	100	6	0.134251992272398	0.134251992272398	Condition2	chr22
chr22	41560436	41561440	1005	*	100	6	0.1332407631007	0.1332407631007	Condition2	chr22
chr22	41620203	41621502	1300	*	100	16	-0.134991547935281	0.134991547935281	Condition2	chr22
chr22	41946934	41947299	366	*	100	6	-0.0958856556387346	0.0958856556387346	Condition2	chr22
chr22	42720071	42721230	1160	*	100	10	-0.107446872736054	0.107446872736054	Condition2	chr22
chr22	45867138	45867955	818	*	100	6	-0.26377988408597	0.26377988408597	Condition2	chr22
chr22	46267521	46268506	986	*	100	13	-0.182775899541174	0.182775899541174	Condition2	chr22
chr22	46335232	46337076	1845	*	100	14	0.146054696933108	0.146054696933108	Condition2	chr22
chr22	49959949	49961169	1221	*	100	10	0.238227481284714	0.238227481284714	Condition2	chr22
chr22	49999927	50000799	873	*	100	5	0.068733397730017	0.068733397730017	Condition2	chr22
chr22	50054697	50055142	446	*	100	5	0.0480560251147066	0.0480560251147066	Condition2	chr22
